"Start Time","Request Type","Latency","Response Code"
"1675876037316","POST","149","201"
"1675876037465","POST","13","201"
"1675876037479","POST","13","201"
"1675876037492","POST","13","201"
"1675876037505","POST","14","201"
"1675876037519","POST","13","201"
"1675876037533","POST","14","201"
"1675876037547","POST","13","201"
"1675876037560","POST","15","201"
"1675876037575","POST","15","201"
"1675876037590","POST","14","201"
"1675876037604","POST","14","201"
"1675876037618","POST","14","201"
"1675876037632","POST","13","201"
"1675876037645","POST","14","201"
"1675876037659","POST","13","201"
"1675876037672","POST","17","201"
"1675876037689","POST","13","201"
"1675876037702","POST","14","201"
"1675876037716","POST","13","201"
"1675876037729","POST","14","201"
"1675876037743","POST","13","201"
"1675876037756","POST","15","201"
"1675876037771","POST","14","201"
"1675876037785","POST","15","201"
"1675876037800","POST","13","201"
"1675876037813","POST","14","201"
"1675876037827","POST","13","201"
"1675876037840","POST","15","201"
"1675876037855","POST","14","201"
"1675876037869","POST","14","201"
"1675876037883","POST","14","201"
"1675876037897","POST","13","201"
"1675876037910","POST","14","201"
"1675876037924","POST","14","201"
"1675876037938","POST","13","201"
"1675876037951","POST","14","201"
"1675876037965","POST","14","201"
"1675876037979","POST","13","201"
"1675876037992","POST","14","201"
"1675876038006","POST","14","201"
"1675876038020","POST","14","201"
"1675876038034","POST","15","201"
"1675876038049","POST","14","201"
"1675876038063","POST","15","201"
"1675876038078","POST","14","201"
"1675876038092","POST","15","201"
"1675876038107","POST","14","201"
"1675876038121","POST","15","201"
"1675876038136","POST","14","201"
"1675876038150","POST","14","201"
"1675876038164","POST","14","201"
"1675876038178","POST","15","201"
"1675876038193","POST","15","201"
"1675876038208","POST","15","201"
"1675876038223","POST","13","201"
"1675876038236","POST","14","201"
"1675876038250","POST","16","201"
"1675876038266","POST","26","201"
"1675876038292","POST","14","201"
"1675876038306","POST","13","201"
"1675876038320","POST","13","201"
"1675876038333","POST","13","201"
"1675876038346","POST","14","201"
"1675876038360","POST","14","201"
"1675876038374","POST","14","201"
"1675876038388","POST","16","201"
"1675876038404","POST","14","201"
"1675876038418","POST","17","201"
"1675876038435","POST","15","201"
"1675876038450","POST","14","201"
"1675876038464","POST","15","201"
"1675876038480","POST","14","201"
"1675876038494","POST","21","201"
"1675876038515","POST","15","201"
"1675876038530","POST","14","201"
"1675876038544","POST","15","201"
"1675876038559","POST","15","201"
"1675876038574","POST","14","201"
"1675876038589","POST","14","201"
"1675876038603","POST","14","201"
"1675876038617","POST","14","201"
"1675876038631","POST","13","201"
"1675876038644","POST","14","201"
"1675876038658","POST","14","201"
"1675876038672","POST","14","201"
"1675876038686","POST","14","201"
"1675876038700","POST","23","201"
"1675876038723","POST","14","201"
"1675876038737","POST","14","201"
"1675876038751","POST","17","201"
"1675876038768","POST","13","201"
"1675876038782","POST","14","201"
"1675876038796","POST","13","201"
"1675876038809","POST","15","201"
"1675876038824","POST","14","201"
"1675876038838","POST","15","201"
"1675876038853","POST","14","201"
"1675876038867","POST","13","201"
"1675876038880","POST","24","201"
"1675876038904","POST","27","201"
"1675876038931","POST","15","201"
"1675876038946","POST","13","201"
"1675876038959","POST","15","201"
"1675876038974","POST","14","201"
"1675876038988","POST","17","201"
"1675876039005","POST","14","201"
"1675876039019","POST","17","201"
"1675876039036","POST","14","201"
"1675876039050","POST","15","201"
"1675876039065","POST","13","201"
"1675876039078","POST","16","201"
"1675876039094","POST","15","201"
"1675876039109","POST","15","201"
"1675876039124","POST","15","201"
"1675876039139","POST","15","201"
"1675876039154","POST","15","201"
"1675876039169","POST","15","201"
"1675876039184","POST","15","201"
"1675876039199","POST","15","201"
"1675876039215","POST","14","201"
"1675876039229","POST","14","201"
"1675876039244","POST","14","201"
"1675876039258","POST","16","201"
"1675876039274","POST","14","201"
"1675876039288","POST","16","201"
"1675876039304","POST","17","201"
"1675876039321","POST","16","201"
"1675876039337","POST","14","201"
"1675876039352","POST","15","201"
"1675876039367","POST","14","201"
"1675876039381","POST","14","201"
"1675876039395","POST","15","201"
"1675876039410","POST","14","201"
"1675876039424","POST","14","201"
"1675876039438","POST","15","201"
"1675876039453","POST","13","201"
"1675876039466","POST","14","201"
"1675876039480","POST","13","201"
"1675876039493","POST","15","201"
"1675876039508","POST","13","201"
"1675876039521","POST","14","201"
"1675876039535","POST","13","201"
"1675876039548","POST","15","201"
"1675876039563","POST","14","201"
"1675876039577","POST","15","201"
"1675876039592","POST","14","201"
"1675876039606","POST","14","201"
"1675876039620","POST","14","201"
"1675876039634","POST","15","201"
"1675876039649","POST","14","201"
"1675876039663","POST","15","201"
"1675876039678","POST","14","201"
"1675876039692","POST","14","201"
"1675876039706","POST","15","201"
"1675876039721","POST","14","201"
"1675876039735","POST","14","201"
"1675876039749","POST","14","201"
"1675876039763","POST","14","201"
"1675876039777","POST","15","201"
"1675876039792","POST","14","201"
"1675876039806","POST","14","201"
"1675876039820","POST","13","201"
"1675876039834","POST","14","201"
"1675876039848","POST","14","201"
"1675876039862","POST","15","201"
"1675876039877","POST","15","201"
"1675876039892","POST","48","201"
"1675876039940","POST","14","201"
"1675876039954","POST","16","201"
"1675876039970","POST","14","201"
"1675876039984","POST","15","201"
"1675876039999","POST","14","201"
"1675876040013","POST","15","201"
"1675876040028","POST","14","201"
"1675876040042","POST","15","201"
"1675876040057","POST","14","201"
"1675876040071","POST","14","201"
"1675876040085","POST","14","201"
"1675876040099","POST","14","201"
"1675876040113","POST","13","201"
"1675876040126","POST","14","201"
"1675876040140","POST","15","201"
"1675876040155","POST","14","201"
"1675876040169","POST","14","201"
"1675876040183","POST","15","201"
"1675876040198","POST","14","201"
"1675876040212","POST","15","201"
"1675876040227","POST","14","201"
"1675876040241","POST","16","201"
"1675876040257","POST","14","201"
"1675876040271","POST","15","201"
"1675876040286","POST","14","201"
"1675876040300","POST","14","201"
"1675876040314","POST","15","201"
"1675876040329","POST","14","201"
"1675876040343","POST","14","201"
"1675876040357","POST","14","201"
"1675876040371","POST","14","201"
"1675876040385","POST","15","201"
"1675876040400","POST","29","201"
"1675876040430","POST","14","201"
"1675876040444","POST","15","201"
"1675876040459","POST","14","201"
"1675876040473","POST","15","201"
"1675876040488","POST","15","201"
"1675876040503","POST","15","201"
"1675876040518","POST","14","201"
"1675876040532","POST","15","201"
"1675876040547","POST","15","201"
"1675876040562","POST","14","201"
"1675876040576","POST","15","201"
"1675876040591","POST","15","201"
"1675876040606","POST","15","201"
"1675876040621","POST","15","201"
"1675876040636","POST","14","201"
"1675876040650","POST","15","201"
"1675876040665","POST","16","201"
"1675876040681","POST","15","201"
"1675876040696","POST","16","201"
"1675876040712","POST","15","201"
"1675876040727","POST","14","201"
"1675876040741","POST","15","201"
"1675876040756","POST","15","201"
"1675876040771","POST","15","201"
"1675876040786","POST","14","201"
"1675876040800","POST","16","201"
"1675876040816","POST","15","201"
"1675876040831","POST","15","201"
"1675876040846","POST","15","201"
"1675876040861","POST","15","201"
"1675876040876","POST","15","201"
"1675876040891","POST","15","201"
"1675876040906","POST","15","201"
"1675876040921","POST","15","201"
"1675876040936","POST","16","201"
"1675876040952","POST","16","201"
"1675876040968","POST","14","201"
"1675876040982","POST","15","201"
"1675876040997","POST","15","201"
"1675876041012","POST","16","201"
"1675876041028","POST","14","201"
"1675876041043","POST","15","201"
"1675876041058","POST","15","201"
"1675876041073","POST","16","201"
"1675876041090","POST","14","201"
"1675876041104","POST","17","201"
"1675876041121","POST","16","201"
"1675876041137","POST","15","201"
"1675876041152","POST","15","201"
"1675876041167","POST","17","201"
"1675876041184","POST","15","201"
"1675876041199","POST","16","201"
"1675876041215","POST","14","201"
"1675876041229","POST","16","201"
"1675876041245","POST","15","201"
"1675876041260","POST","15","201"
"1675876041275","POST","15","201"
"1675876041290","POST","15","201"
"1675876041305","POST","15","201"
"1675876041320","POST","14","201"
"1675876041334","POST","14","201"
"1675876041348","POST","15","201"
"1675876041363","POST","14","201"
"1675876041377","POST","15","201"
"1675876041392","POST","15","201"
"1675876041407","POST","15","201"
"1675876041422","POST","15","201"
"1675876041437","POST","16","201"
"1675876041453","POST","15","201"
"1675876041468","POST","17","201"
"1675876041485","POST","14","201"
"1675876041499","POST","16","201"
"1675876041515","POST","16","201"
"1675876041531","POST","16","201"
"1675876041547","POST","15","201"
"1675876041562","POST","15","201"
"1675876041577","POST","15","201"
"1675876041592","POST","15","201"
"1675876041608","POST","14","201"
"1675876041622","POST","15","201"
"1675876041637","POST","14","201"
"1675876041651","POST","16","201"
"1675876041667","POST","14","201"
"1675876041682","POST","14","201"
"1675876041696","POST","15","201"
"1675876041711","POST","16","201"
"1675876041727","POST","15","201"
"1675876041742","POST","15","201"
"1675876041757","POST","15","201"
"1675876041772","POST","16","201"
"1675876041788","POST","15","201"
"1675876041803","POST","15","201"
"1675876041818","POST","15","201"
"1675876041833","POST","15","201"
"1675876041848","POST","16","201"
"1675876041864","POST","14","201"
"1675876041879","POST","14","201"
"1675876041894","POST","15","201"
"1675876041909","POST","16","201"
"1675876041925","POST","25","201"
"1675876041950","POST","13","201"
"1675876041963","POST","13","201"
"1675876041976","POST","13","201"
"1675876041989","POST","12","201"
"1675876042001","POST","13","201"
"1675876042014","POST","12","201"
"1675876042026","POST","12","201"
"1675876042038","POST","14","201"
"1675876042052","POST","13","201"
"1675876042065","POST","12","201"
"1675876042077","POST","14","201"
"1675876042091","POST","13","201"
"1675876042104","POST","13","201"
"1675876042117","POST","13","201"
"1675876042130","POST","15","201"
"1675876042145","POST","13","201"
"1675876042158","POST","12","201"
"1675876042170","POST","14","201"
"1675876042184","POST","15","201"
"1675876042199","POST","14","201"
"1675876042213","POST","12","201"
"1675876042225","POST","12","201"
"1675876042237","POST","12","201"
"1675876042249","POST","13","201"
"1675876042262","POST","13","201"
"1675876042275","POST","13","201"
"1675876042288","POST","13","201"
"1675876042301","POST","12","201"
"1675876042313","POST","13","201"
"1675876042326","POST","13","201"
"1675876042339","POST","12","201"
"1675876042351","POST","13","201"
"1675876042364","POST","13","201"
"1675876042377","POST","13","201"
"1675876042390","POST","12","201"
"1675876042402","POST","13","201"
"1675876042415","POST","13","201"
"1675876042428","POST","12","201"
"1675876042440","POST","14","201"
"1675876042454","POST","12","201"
"1675876042466","POST","13","201"
"1675876042480","POST","12","201"
"1675876042492","POST","13","201"
"1675876042505","POST","13","201"
"1675876042518","POST","12","201"
"1675876042530","POST","13","201"
"1675876042543","POST","13","201"
"1675876042556","POST","13","201"
"1675876042569","POST","13","201"
"1675876042582","POST","13","201"
"1675876042595","POST","14","201"
"1675876042609","POST","12","201"
"1675876042621","POST","14","201"
"1675876042635","POST","11","201"
"1675876042646","POST","13","201"
"1675876042659","POST","13","201"
"1675876042672","POST","13","201"
"1675876042685","POST","13","201"
"1675876042698","POST","12","201"
"1675876042710","POST","14","201"
"1675876042724","POST","13","201"
"1675876042737","POST","13","201"
"1675876042750","POST","13","201"
"1675876042763","POST","14","201"
"1675876042777","POST","13","201"
"1675876042790","POST","13","201"
"1675876042803","POST","14","201"
"1675876042817","POST","13","201"
"1675876042830","POST","13","201"
"1675876042843","POST","13","201"
"1675876042856","POST","13","201"
"1675876042869","POST","13","201"
"1675876042882","POST","13","201"
"1675876042895","POST","13","201"
"1675876042908","POST","12","201"
"1675876042920","POST","17","201"
"1675876042937","POST","14","201"
"1675876042951","POST","14","201"
"1675876042965","POST","13","201"
"1675876042978","POST","14","201"
"1675876042992","POST","12","201"
"1675876043004","POST","14","201"
"1675876043018","POST","14","201"
"1675876043032","POST","13","201"
"1675876043046","POST","13","201"
"1675876043059","POST","12","201"
"1675876043071","POST","13","201"
"1675876043084","POST","13","201"
"1675876043097","POST","13","201"
"1675876043110","POST","12","201"
"1675876043122","POST","12","201"
"1675876043134","POST","13","201"
"1675876043147","POST","13","201"
"1675876043160","POST","17","201"
"1675876043177","POST","14","201"
"1675876043191","POST","13","201"
"1675876043204","POST","13","201"
"1675876043217","POST","13","201"
"1675876043230","POST","14","201"
"1675876043244","POST","28","201"
"1675876043272","POST","14","201"
"1675876043286","POST","15","201"
"1675876043301","POST","14","201"
"1675876043315","POST","15","201"
"1675876043330","POST","14","201"
"1675876043345","POST","14","201"
"1675876043359","POST","15","201"
"1675876043374","POST","15","201"
"1675876043389","POST","14","201"
"1675876043403","POST","14","201"
"1675876043418","POST","14","201"
"1675876043432","POST","14","201"
"1675876043446","POST","15","201"
"1675876043461","POST","16","201"
"1675876043477","POST","14","201"
"1675876043491","POST","14","201"
"1675876043505","POST","15","201"
"1675876043520","POST","15","201"
"1675876043535","POST","14","201"
"1675876043549","POST","15","201"
"1675876043564","POST","15","201"
"1675876043579","POST","14","201"
"1675876043593","POST","15","201"
"1675876043608","POST","14","201"
"1675876043622","POST","15","201"
"1675876043638","POST","14","201"
"1675876043652","POST","15","201"
"1675876043667","POST","15","201"
"1675876043682","POST","14","201"
"1675876043696","POST","14","201"
"1675876043710","POST","15","201"
"1675876043725","POST","15","201"
"1675876043740","POST","13","201"
"1675876043753","POST","15","201"
"1675876043768","POST","16","201"
"1675876043785","POST","15","201"
"1675876043800","POST","14","201"
"1675876043814","POST","16","201"
"1675876043830","POST","14","201"
"1675876043844","POST","17","201"
"1675876043861","POST","14","201"
"1675876043875","POST","15","201"
"1675876043890","POST","14","201"
"1675876043904","POST","14","201"
"1675876043918","POST","14","201"
"1675876043932","POST","13","201"
"1675876043945","POST","15","201"
"1675876043960","POST","14","201"
"1675876043974","POST","15","201"
"1675876043989","POST","14","201"
"1675876044003","POST","14","201"
"1675876044017","POST","15","201"
"1675876044032","POST","15","201"
"1675876044047","POST","15","201"
"1675876044062","POST","14","201"
"1675876044076","POST","15","201"
"1675876044092","POST","14","201"
"1675876044106","POST","15","201"
"1675876044121","POST","14","201"
"1675876044135","POST","14","201"
"1675876044149","POST","15","201"
"1675876044164","POST","14","201"
"1675876044178","POST","16","201"
"1675876044194","POST","15","201"
"1675876044209","POST","14","201"
"1675876044223","POST","14","201"
"1675876044237","POST","14","201"
"1675876044251","POST","15","201"
"1675876044266","POST","15","201"
"1675876044281","POST","15","201"
"1675876044296","POST","15","201"
"1675876044311","POST","14","201"
"1675876044325","POST","14","201"
"1675876044339","POST","16","201"
"1675876044355","POST","14","201"
"1675876044369","POST","15","201"
"1675876044384","POST","14","201"
"1675876044398","POST","15","201"
"1675876044413","POST","16","201"
"1675876044429","POST","15","201"
"1675876044444","POST","14","201"
"1675876044458","POST","15","201"
"1675876044473","POST","15","201"
"1675876044488","POST","15","201"
"1675876044503","POST","15","201"
"1675876044518","POST","14","201"
"1675876044532","POST","14","201"
"1675876044546","POST","16","201"
"1675876044562","POST","14","201"
"1675876044576","POST","15","201"
"1675876044591","POST","14","201"
"1675876044605","POST","15","201"
"1675876044620","POST","14","201"
"1675876044634","POST","15","201"
"1675876044649","POST","15","201"
"1675876044664","POST","15","201"
"1675876044679","POST","15","201"
"1675876044694","POST","15","201"
"1675876044709","POST","14","201"
"1675876044723","POST","25","201"
"1675876044748","POST","13","201"
"1675876044761","POST","14","201"
"1675876044775","POST","21","201"
"1675876044796","POST","14","201"
"1675876044810","POST","14","201"
"1675876044824","POST","13","201"
"1675876044837","POST","14","201"
"1675876044851","POST","14","201"
"1675876044866","POST","13","201"
"1675876044879","POST","14","201"
"1675876044893","POST","14","201"
"1675876044908","POST","13","201"
"1675876044921","POST","15","201"
"1675876044936","POST","13","201"
"1675876044949","POST","14","201"
"1675876044963","POST","13","201"
"1675876044976","POST","14","201"
"1675876044990","POST","13","201"
"1675876045003","POST","14","201"
"1675876045017","POST","13","201"
"1675876045030","POST","15","201"
"1675876045045","POST","13","201"
"1675876045058","POST","14","201"
"1675876045072","POST","14","201"
"1675876045086","POST","14","201"
"1675876045100","POST","15","201"
"1675876045115","POST","14","201"
"1675876045129","POST","13","201"
"1675876045142","POST","14","201"
"1675876045156","POST","14","201"
"1675876045170","POST","14","201"
"1675876045184","POST","13","201"
"1675876045197","POST","14","201"
"1675876045211","POST","16","201"
"1675876045227","POST","16","201"
"1675876045243","POST","13","201"
"1675876045256","POST","14","201"
"1675876045270","POST","13","201"
"1675876045283","POST","13","201"
"1675876045296","POST","14","201"
"1675876045310","POST","13","201"
"1675876045323","POST","13","201"
"1675876045336","POST","14","201"
"1675876045350","POST","13","201"
"1675876045363","POST","15","201"
"1675876045378","POST","14","201"
"1675876045392","POST","14","201"
"1675876045407","POST","13","201"
"1675876045420","POST","14","201"
"1675876045434","POST","14","201"
"1675876045448","POST","14","201"
"1675876045462","POST","13","201"
"1675876045475","POST","14","201"
"1675876045489","POST","13","201"
"1675876045502","POST","14","201"
"1675876045516","POST","14","201"
"1675876045530","POST","14","201"
"1675876045544","POST","13","201"
"1675876045557","POST","14","201"
"1675876045571","POST","13","201"
"1675876045584","POST","14","201"
"1675876045598","POST","13","201"
"1675876045611","POST","13","201"
"1675876045624","POST","13","201"
"1675876045637","POST","13","201"
"1675876045650","POST","15","201"
"1675876045665","POST","14","201"
"1675876045679","POST","13","201"
"1675876045692","POST","13","201"
"1675876045705","POST","13","201"
"1675876045718","POST","14","201"
"1675876045732","POST","13","201"
"1675876045745","POST","15","201"
"1675876045760","POST","14","201"
"1675876045774","POST","14","201"
"1675876045788","POST","14","201"
"1675876045802","POST","14","201"
"1675876045816","POST","14","201"
"1675876045830","POST","14","201"
"1675876045844","POST","13","201"
"1675876045857","POST","13","201"
"1675876045870","POST","13","201"
"1675876045883","POST","13","201"
"1675876045896","POST","13","201"
"1675876045909","POST","14","201"
"1675876045923","POST","14","201"
"1675876045937","POST","13","201"
"1675876045950","POST","12","201"
"1675876045962","POST","14","201"
"1675876045976","POST","13","201"
"1675876045989","POST","13","201"
"1675876046002","POST","13","201"
"1675876046015","POST","14","201"
"1675876046029","POST","13","201"
"1675876046042","POST","16","201"
"1675876046058","POST","15","201"
"1675876046074","POST","14","201"
"1675876046088","POST","14","201"
"1675876046102","POST","14","201"
"1675876046116","POST","23","201"
"1675876046139","POST","16","201"
"1675876046155","POST","11","201"
"1675876046166","POST","15","201"
"1675876046181","POST","12","201"
"1675876046193","POST","13","201"
"1675876046206","POST","12","201"
"1675876046218","POST","11","201"
"1675876046229","POST","13","201"
"1675876046242","POST","11","201"
"1675876046253","POST","12","201"
"1675876046265","POST","12","201"
"1675876046277","POST","12","201"
"1675876046289","POST","19","201"
"1675876046308","POST","12","201"
"1675876046320","POST","13","201"
"1675876046333","POST","12","201"
"1675876046345","POST","16","201"
"1675876046361","POST","12","201"
"1675876046373","POST","13","201"
"1675876046386","POST","12","201"
"1675876046398","POST","12","201"
"1675876046410","POST","12","201"
"1675876046423","POST","12","201"
"1675876046436","POST","12","201"
"1675876046448","POST","13","201"
"1675876046461","POST","13","201"
"1675876046474","POST","11","201"
"1675876046485","POST","12","201"
"1675876046497","POST","13","201"
"1675876046510","POST","12","201"
"1675876046522","POST","12","201"
"1675876046534","POST","12","201"
"1675876046546","POST","12","201"
"1675876046558","POST","12","201"
"1675876046570","POST","14","201"
"1675876046584","POST","13","201"
"1675876046597","POST","13","201"
"1675876046610","POST","13","201"
"1675876046623","POST","14","201"
"1675876046637","POST","12","201"
"1675876046649","POST","14","201"
"1675876046663","POST","13","201"
"1675876046676","POST","15","201"
"1675876046691","POST","12","201"
"1675876046703","POST","13","201"
"1675876046716","POST","11","201"
"1675876046728","POST","11","201"
"1675876046739","POST","12","201"
"1675876046751","POST","13","201"
"1675876046764","POST","13","201"
"1675876046777","POST","12","201"
"1675876046789","POST","12","201"
"1675876046801","POST","13","201"
"1675876046814","POST","12","201"
"1675876046826","POST","11","201"
"1675876046837","POST","12","201"
"1675876046849","POST","12","201"
"1675876046861","POST","12","201"
"1675876046873","POST","12","201"
"1675876046885","POST","11","201"
"1675876046896","POST","12","201"
"1675876046908","POST","13","201"
"1675876046921","POST","14","201"
"1675876046935","POST","13","201"
"1675876046948","POST","12","201"
"1675876046961","POST","12","201"
"1675876046973","POST","12","201"
"1675876046985","POST","13","201"
"1675876046998","POST","13","201"
"1675876047011","POST","12","201"
"1675876047023","POST","12","201"
"1675876047035","POST","12","201"
"1675876047047","POST","13","201"
"1675876047060","POST","13","201"
"1675876047073","POST","13","201"
"1675876047086","POST","15","201"
"1675876047101","POST","12","201"
"1675876047113","POST","13","201"
"1675876047126","POST","12","201"
"1675876047138","POST","12","201"
"1675876047150","POST","13","201"
"1675876047163","POST","13","201"
"1675876047176","POST","13","201"
"1675876047189","POST","12","201"
"1675876047201","POST","13","201"
"1675876047214","POST","12","201"
"1675876047226","POST","13","201"
"1675876047239","POST","12","201"
"1675876047251","POST","14","201"
"1675876047265","POST","12","201"
"1675876047277","POST","12","201"
"1675876047289","POST","12","201"
"1675876047301","POST","11","201"
"1675876047312","POST","12","201"
"1675876047324","POST","12","201"
"1675876047336","POST","13","201"
"1675876047349","POST","12","201"
"1675876047361","POST","12","201"
"1675876047373","POST","12","201"
"1675876047385","POST","24","201"
"1675876047409","POST","13","201"
"1675876047422","POST","13","201"
"1675876047435","POST","12","201"
"1675876047447","POST","14","201"
"1675876047461","POST","12","201"
"1675876047473","POST","13","201"
"1675876047486","POST","13","201"
"1675876047499","POST","13","201"
"1675876047512","POST","12","201"
"1675876047524","POST","15","201"
"1675876047539","POST","12","201"
"1675876047551","POST","14","201"
"1675876047565","POST","13","201"
"1675876047578","POST","13","201"
"1675876047591","POST","12","201"
"1675876047603","POST","13","201"
"1675876047616","POST","13","201"
"1675876047629","POST","13","201"
"1675876047642","POST","13","201"
"1675876047655","POST","12","201"
"1675876047667","POST","14","201"
"1675876047681","POST","13","201"
"1675876047694","POST","12","201"
"1675876047706","POST","14","201"
"1675876047720","POST","12","201"
"1675876047732","POST","13","201"
"1675876047745","POST","13","201"
"1675876047758","POST","13","201"
"1675876047771","POST","13","201"
"1675876047784","POST","13","201"
"1675876047797","POST","13","201"
"1675876047810","POST","13","201"
"1675876047823","POST","13","201"
"1675876047836","POST","13","201"
"1675876047849","POST","13","201"
"1675876047862","POST","18","201"
"1675876047880","POST","12","201"
"1675876047892","POST","13","201"
"1675876047905","POST","13","201"
"1675876047918","POST","13","201"
"1675876047931","POST","12","201"
"1675876047943","POST","13","201"
"1675876047956","POST","13","201"
"1675876047969","POST","13","201"
"1675876047982","POST","13","201"
"1675876047995","POST","14","201"
"1675876048009","POST","13","201"
"1675876048022","POST","13","201"
"1675876048035","POST","12","201"
"1675876048047","POST","13","201"
"1675876048060","POST","12","201"
"1675876048072","POST","13","201"
"1675876048085","POST","13","201"
"1675876048098","POST","14","201"
"1675876048112","POST","13","201"
"1675876048126","POST","13","201"
"1675876048139","POST","14","201"
"1675876048153","POST","14","201"
"1675876048167","POST","12","201"
"1675876048179","POST","13","201"
"1675876048192","POST","13","201"
"1675876048205","POST","13","201"
"1675876048218","POST","12","201"
"1675876048230","POST","15","201"
"1675876048245","POST","12","201"
"1675876048257","POST","14","201"
"1675876048271","POST","12","201"
"1675876048283","POST","15","201"
"1675876048298","POST","13","201"
"1675876048311","POST","14","201"
"1675876048325","POST","12","201"
"1675876048337","POST","14","201"
"1675876048351","POST","12","201"
"1675876048363","POST","13","201"
"1675876048376","POST","15","201"
"1675876048391","POST","13","201"
"1675876048404","POST","13","201"
"1675876048417","POST","13","201"
"1675876048430","POST","13","201"
"1675876048443","POST","13","201"
"1675876048456","POST","12","201"
"1675876048468","POST","13","201"
"1675876048481","POST","14","201"
"1675876048495","POST","13","201"
"1675876048508","POST","13","201"
"1675876048521","POST","13","201"
"1675876048534","POST","12","201"
"1675876048546","POST","13","201"
"1675876048559","POST","14","201"
"1675876048573","POST","16","201"
"1675876048589","POST","12","201"
"1675876048601","POST","13","201"
"1675876048614","POST","12","201"
"1675876048626","POST","12","201"
"1675876048638","POST","13","201"
"1675876048651","POST","13","201"
"1675876048664","POST","15","201"
"1675876048679","POST","12","201"
"1675876048692","POST","18","201"
"1675876048710","POST","28","201"
"1675876048738","POST","14","201"
"1675876048752","POST","15","201"
"1675876048767","POST","15","201"
"1675876048782","POST","15","201"
"1675876048797","POST","15","201"
"1675876048812","POST","16","201"
"1675876048828","POST","15","201"
"1675876048843","POST","15","201"
"1675876048858","POST","15","201"
"1675876048873","POST","16","201"
"1675876048889","POST","15","201"
"1675876048904","POST","16","201"
"1675876048920","POST","17","201"
"1675876048937","POST","16","201"
"1675876048953","POST","15","201"
"1675876048968","POST","16","201"
"1675876048984","POST","15","201"
"1675876048999","POST","18","201"
"1675876049017","POST","15","201"
"1675876049032","POST","16","201"
"1675876049048","POST","14","201"
"1675876049062","POST","15","201"
"1675876049078","POST","14","201"
"1675876049092","POST","17","201"
"1675876049109","POST","15","201"
"1675876049124","POST","16","201"
"1675876049140","POST","16","201"
"1675876049156","POST","15","201"
"1675876049172","POST","15","201"
"1675876049187","POST","15","201"
"1675876049202","POST","15","201"
"1675876049217","POST","14","201"
"1675876049231","POST","14","201"
"1675876049245","POST","15","201"
"1675876049260","POST","14","201"
"1675876049274","POST","15","201"
"1675876049289","POST","14","201"
"1675876049303","POST","15","201"
"1675876049318","POST","14","201"
"1675876049332","POST","15","201"
"1675876049347","POST","14","201"
"1675876049361","POST","15","201"
"1675876049376","POST","14","201"
"1675876049390","POST","15","201"
"1675876049405","POST","14","201"
"1675876049419","POST","15","201"
"1675876049434","POST","15","201"
"1675876049449","POST","15","201"
"1675876049464","POST","15","201"
"1675876049479","POST","15","201"
"1675876049494","POST","14","201"
"1675876049508","POST","15","201"
"1675876049523","POST","14","201"
"1675876049537","POST","14","201"
"1675876049551","POST","15","201"
"1675876049566","POST","15","201"
"1675876049581","POST","14","201"
"1675876049595","POST","16","201"
"1675876049611","POST","18","201"
"1675876049629","POST","17","201"
"1675876049646","POST","17","201"
"1675876049663","POST","15","201"
"1675876049678","POST","15","201"
"1675876049693","POST","15","201"
"1675876049708","POST","17","201"
"1675876049725","POST","14","201"
"1675876049739","POST","15","201"
"1675876049754","POST","14","201"
"1675876049768","POST","15","201"
"1675876049783","POST","14","201"
"1675876049797","POST","15","201"
"1675876049812","POST","16","201"
"1675876049828","POST","14","201"
"1675876049842","POST","15","201"
"1675876049857","POST","14","201"
"1675876049871","POST","15","201"
"1675876049886","POST","14","201"
"1675876049900","POST","15","201"
"1675876049915","POST","15","201"
"1675876049930","POST","15","201"
"1675876049945","POST","14","201"
"1675876049959","POST","15","201"
"1675876049975","POST","15","201"
"1675876049990","POST","16","201"
"1675876050006","POST","17","201"
"1675876050023","POST","16","201"
"1675876050039","POST","14","201"
"1675876050053","POST","15","201"
"1675876050069","POST","15","201"
"1675876050084","POST","17","201"
"1675876050101","POST","15","201"
"1675876050116","POST","17","201"
"1675876050133","POST","16","201"
"1675876050149","POST","15","201"
"1675876050164","POST","18","201"
"1675876050182","POST","15","201"
"1675876050197","POST","18","201"
"1675876050215","POST","15","201"
"1675876050231","POST","16","201"
"1675876050247","POST","27","201"
"1675876050274","POST","14","201"
"1675876050288","POST","14","201"
"1675876050303","POST","14","201"
"1675876050317","POST","13","201"
"1675876050330","POST","17","201"
"1675876050347","POST","14","201"
"1675876050361","POST","14","201"
"1675876050375","POST","16","201"
"1675876050391","POST","14","201"
"1675876050405","POST","14","201"
"1675876050419","POST","14","201"
"1675876050433","POST","14","201"
"1675876050447","POST","14","201"
"1675876050461","POST","15","201"
"1675876050476","POST","14","201"
"1675876050490","POST","14","201"
"1675876050504","POST","15","201"
"1675876050519","POST","14","201"
"1675876050533","POST","14","201"
"1675876050547","POST","19","201"
"1675876050566","POST","15","201"
"1675876050581","POST","14","201"
"1675876050595","POST","15","201"
"1675876050610","POST","14","201"
"1675876050624","POST","15","201"
"1675876050639","POST","15","201"
"1675876050654","POST","14","201"
"1675876050668","POST","14","201"
"1675876050682","POST","15","201"
"1675876050697","POST","14","201"
"1675876050711","POST","14","201"
"1675876050725","POST","13","201"
"1675876050738","POST","14","201"
"1675876050752","POST","14","201"
"1675876050766","POST","14","201"
"1675876050780","POST","15","201"
"1675876050795","POST","14","201"
"1675876050809","POST","14","201"
"1675876050823","POST","15","201"
"1675876050838","POST","14","201"
"1675876050852","POST","15","201"
"1675876050867","POST","13","201"
"1675876050880","POST","15","201"
"1675876050895","POST","13","201"
"1675876050908","POST","15","201"
"1675876050923","POST","14","201"
"1675876050937","POST","15","201"
"1675876050952","POST","14","201"
"1675876050966","POST","14","201"
"1675876050980","POST","14","201"
"1675876050994","POST","15","201"
"1675876051009","POST","14","201"
"1675876051023","POST","13","201"
"1675876051036","POST","14","201"
"1675876051050","POST","15","201"
"1675876051065","POST","14","201"
"1675876051079","POST","15","201"
"1675876051094","POST","14","201"
"1675876051108","POST","15","201"
"1675876051123","POST","20","201"
"1675876051143","POST","14","201"
"1675876051157","POST","14","201"
"1675876051171","POST","15","201"
"1675876051186","POST","15","201"
"1675876051201","POST","15","201"
"1675876051216","POST","15","201"
"1675876051231","POST","15","201"
"1675876051246","POST","14","201"
"1675876051260","POST","15","201"
"1675876051275","POST","14","201"
"1675876051289","POST","14","201"
"1675876051303","POST","17","201"
"1675876051320","POST","14","201"
"1675876051334","POST","14","201"
"1675876051348","POST","14","201"
"1675876051362","POST","15","201"
"1675876051377","POST","14","201"
"1675876051391","POST","14","201"
"1675876051405","POST","15","201"
"1675876051420","POST","14","201"
"1675876051434","POST","15","201"
"1675876051449","POST","15","201"
"1675876051464","POST","15","201"
"1675876051479","POST","14","201"
"1675876051493","POST","14","201"
"1675876051507","POST","15","201"
"1675876051522","POST","14","201"
"1675876051536","POST","14","201"
"1675876051550","POST","15","201"
"1675876051565","POST","16","201"
"1675876051581","POST","14","201"
"1675876051595","POST","13","201"
"1675876051608","POST","14","201"
"1675876051622","POST","14","201"
"1675876051636","POST","13","201"
"1675876051649","POST","14","201"
"1675876051663","POST","15","201"
"1675876051678","POST","14","201"
"1675876051692","POST","14","201"
"1675876051706","POST","28","201"
"1675876051734","POST","16","201"
"1675876051750","POST","15","201"
"1675876051765","POST","14","201"
"1675876051779","POST","15","201"
"1675876051794","POST","15","201"
"1675876051809","POST","15","201"
"1675876051824","POST","15","201"
"1675876051839","POST","15","201"
"1675876051854","POST","15","201"
"1675876051869","POST","16","201"
"1675876051885","POST","14","201"
"1675876051899","POST","16","201"
"1675876051915","POST","14","201"
"1675876051929","POST","14","201"
"1675876051943","POST","15","201"
"1675876051958","POST","14","201"
"1675876051972","POST","15","201"
"1675876051987","POST","14","201"
"1675876052001","POST","15","201"
"1675876052016","POST","16","201"
"1675876052032","POST","16","201"
"1675876052048","POST","18","201"
"1675876052066","POST","14","201"
"1675876052080","POST","18","201"
"1675876052098","POST","16","201"
"1675876052114","POST","15","201"
"1675876052129","POST","14","201"
"1675876052143","POST","15","201"
"1675876052158","POST","15","201"
"1675876052173","POST","15","201"
"1675876052188","POST","15","201"
"1675876052203","POST","15","201"
"1675876052218","POST","16","201"
"1675876052234","POST","15","201"
"1675876052249","POST","15","201"
"1675876052264","POST","15","201"
"1675876052279","POST","15","201"
"1675876052294","POST","15","201"
"1675876052309","POST","15","201"
"1675876052324","POST","14","201"
"1675876052338","POST","14","201"
"1675876052352","POST","14","201"
"1675876052366","POST","17","201"
"1675876052383","POST","15","201"
"1675876052398","POST","14","201"
"1675876052412","POST","15","201"
"1675876052427","POST","15","201"
"1675876052442","POST","14","201"
"1675876052456","POST","15","201"
"1675876052471","POST","15","201"
"1675876052486","POST","15","201"
"1675876052501","POST","15","201"
"1675876052516","POST","14","201"
"1675876052530","POST","14","201"
"1675876052544","POST","14","201"
"1675876052558","POST","15","201"
"1675876052573","POST","14","201"
"1675876052587","POST","15","201"
"1675876052602","POST","15","201"
"1675876052617","POST","15","201"
"1675876052632","POST","15","201"
"1675876052647","POST","16","201"
"1675876052663","POST","15","201"
"1675876052678","POST","15","201"
"1675876052693","POST","14","201"
"1675876052707","POST","14","201"
"1675876052721","POST","15","201"
"1675876052736","POST","17","201"
"1675876052753","POST","15","201"
"1675876052768","POST","16","201"
"1675876052784","POST","14","201"
"1675876052798","POST","16","201"
"1675876052814","POST","14","201"
"1675876052828","POST","15","201"
"1675876052843","POST","15","201"
"1675876052858","POST","16","201"
"1675876052874","POST","14","201"
"1675876052888","POST","15","201"
"1675876052903","POST","14","201"
"1675876052917","POST","15","201"
"1675876052932","POST","15","201"
"1675876052947","POST","15","201"
"1675876052962","POST","14","201"
"1675876052976","POST","15","201"
"1675876052991","POST","14","201"
"1675876053005","POST","15","201"
"1675876053020","POST","15","201"
"1675876053035","POST","15","201"
"1675876053050","POST","14","201"
"1675876053064","POST","15","201"
"1675876053079","POST","15","201"
"1675876053094","POST","14","201"
"1675876053108","POST","15","201"
"1675876053123","POST","14","201"
"1675876053137","POST","14","201"
"1675876053151","POST","15","201"
"1675876053166","POST","15","201"
"1675876053181","POST","18","201"
"1675876053199","POST","15","201"
"1675876053214","POST","24","201"
"1675876053239","POST","13","201"
"1675876053253","POST","12","201"
"1675876053265","POST","13","201"
"1675876053278","POST","12","201"
"1675876053290","POST","13","201"
"1675876053303","POST","14","201"
"1675876053317","POST","13","201"
"1675876053330","POST","13","201"
"1675876053343","POST","13","201"
"1675876053356","POST","13","201"
"1675876053369","POST","12","201"
"1675876053381","POST","13","201"
"1675876053394","POST","16","201"
"1675876053410","POST","14","201"
"1675876053424","POST","12","201"
"1675876053436","POST","13","201"
"1675876053449","POST","13","201"
"1675876053462","POST","12","201"
"1675876053474","POST","13","201"
"1675876053487","POST","13","201"
"1675876053500","POST","14","201"
"1675876053514","POST","13","201"
"1675876053527","POST","13","201"
"1675876053540","POST","13","201"
"1675876053553","POST","13","201"
"1675876053567","POST","17","201"
"1675876053584","POST","14","201"
"1675876053599","POST","13","201"
"1675876053612","POST","16","201"
"1675876053628","POST","13","201"
"1675876053641","POST","15","201"
"1675876053656","POST","13","201"
"1675876053669","POST","13","201"
"1675876053682","POST","12","201"
"1675876053694","POST","13","201"
"1675876053707","POST","13","201"
"1675876053720","POST","13","201"
"1675876053733","POST","12","201"
"1675876053745","POST","13","201"
"1675876053758","POST","13","201"
"1675876053771","POST","13","201"
"1675876053784","POST","12","201"
"1675876053796","POST","14","201"
"1675876053810","POST","13","201"
"1675876053823","POST","13","201"
"1675876053836","POST","12","201"
"1675876053848","POST","13","201"
"1675876053861","POST","13","201"
"1675876053874","POST","13","201"
"1675876053887","POST","13","201"
"1675876053900","POST","14","201"
"1675876053914","POST","13","201"
"1675876053927","POST","14","201"
"1675876053941","POST","14","201"
"1675876053955","POST","13","201"
"1675876053968","POST","13","201"
"1675876053981","POST","13","201"
"1675876053994","POST","13","201"
"1675876054007","POST","13","201"
"1675876054020","POST","14","201"
"1675876054034","POST","13","201"
"1675876054047","POST","12","201"
"1675876054059","POST","13","201"
"1675876054072","POST","13","201"
"1675876054085","POST","13","201"
"1675876054098","POST","13","201"
"1675876054111","POST","14","201"
"1675876054125","POST","12","201"
"1675876054137","POST","13","201"
"1675876054150","POST","13","201"
"1675876054163","POST","13","201"
"1675876054176","POST","14","201"
"1675876054190","POST","14","201"
"1675876054204","POST","13","201"
"1675876054217","POST","16","201"
"1675876054233","POST","14","201"
"1675876054247","POST","14","201"
"1675876054261","POST","13","201"
"1675876054274","POST","13","201"
"1675876054287","POST","12","201"
"1675876054299","POST","13","201"
"1675876054312","POST","13","201"
"1675876054325","POST","13","201"
"1675876054338","POST","13","201"
"1675876054351","POST","13","201"
"1675876054364","POST","13","201"
"1675876054377","POST","13","201"
"1675876054390","POST","13","201"
"1675876054403","POST","15","201"
"1675876054418","POST","15","201"
"1675876054433","POST","15","201"
"1675876054448","POST","13","201"
"1675876054461","POST","13","201"
"1675876054474","POST","13","201"
"1675876054487","POST","13","201"
"1675876054500","POST","13","201"
"1675876054513","POST","12","201"
"1675876054525","POST","13","201"
"1675876054538","POST","13","201"
"1675876054551","POST","29","201"
"1675876054581","POST","15","201"
"1675876054596","POST","15","201"
"1675876054611","POST","16","201"
"1675876054628","POST","18","201"
"1675876054646","POST","16","201"
"1675876054662","POST","18","201"
"1675876054680","POST","15","201"
"1675876054695","POST","15","201"
"1675876054710","POST","15","201"
"1675876054725","POST","15","201"
"1675876054740","POST","14","201"
"1675876054754","POST","15","201"
"1675876054769","POST","15","201"
"1675876054784","POST","16","201"
"1675876054800","POST","15","201"
"1675876054815","POST","16","201"
"1675876054831","POST","15","201"
"1675876054846","POST","16","201"
"1675876054862","POST","14","201"
"1675876054876","POST","16","201"
"1675876054892","POST","14","201"
"1675876054906","POST","15","201"
"1675876054922","POST","15","201"
"1675876054937","POST","15","201"
"1675876054952","POST","16","201"
"1675876054968","POST","15","201"
"1675876054983","POST","16","201"
"1675876054999","POST","16","201"
"1675876055015","POST","14","201"
"1675876055029","POST","16","201"
"1675876055045","POST","16","201"
"1675876055061","POST","15","201"
"1675876055076","POST","15","201"
"1675876055091","POST","16","201"
"1675876055107","POST","15","201"
"1675876055122","POST","15","201"
"1675876055137","POST","15","201"
"1675876055152","POST","16","201"
"1675876055168","POST","14","201"
"1675876055182","POST","16","201"
"1675876055198","POST","15","201"
"1675876055213","POST","16","201"
"1675876055230","POST","15","201"
"1675876055245","POST","15","201"
"1675876055260","POST","15","201"
"1675876055275","POST","17","201"
"1675876055292","POST","15","201"
"1675876055307","POST","16","201"
"1675876055324","POST","14","201"
"1675876055338","POST","15","201"
"1675876055353","POST","16","201"
"1675876055369","POST","18","201"
"1675876055388","POST","14","201"
"1675876055402","POST","15","201"
"1675876055417","POST","15","201"
"1675876055432","POST","19","201"
"1675876055451","POST","17","201"
"1675876055469","POST","16","201"
"1675876055485","POST","18","201"
"1675876055503","POST","15","201"
"1675876055518","POST","15","201"
"1675876055533","POST","15","201"
"1675876055548","POST","15","201"
"1675876055563","POST","15","201"
"1675876055578","POST","15","201"
"1675876055593","POST","15","201"
"1675876055608","POST","15","201"
"1675876055623","POST","15","201"
"1675876055638","POST","14","201"
"1675876055652","POST","15","201"
"1675876055667","POST","14","201"
"1675876055681","POST","16","201"
"1675876055697","POST","18","201"
"1675876055715","POST","16","201"
"1675876055731","POST","15","201"
"1675876055746","POST","15","201"
"1675876055761","POST","14","201"
"1675876055775","POST","16","201"
"1675876055791","POST","15","201"
"1675876055806","POST","15","201"
"1675876055821","POST","14","201"
"1675876055835","POST","16","201"
"1675876055851","POST","17","201"
"1675876055868","POST","14","201"
"1675876055882","POST","17","201"
"1675876055899","POST","15","201"
"1675876055914","POST","15","201"
"1675876055929","POST","15","201"
"1675876055944","POST","15","201"
"1675876055959","POST","15","201"
"1675876055974","POST","15","201"
"1675876055989","POST","15","201"
"1675876056004","POST","15","201"
"1675876056020","POST","16","201"
"1675876056036","POST","15","201"
"1675876056051","POST","17","201"
"1675876056068","POST","15","201"
"1675876056083","POST","17","201"
"1675876056100","POST","15","201"
"1675876056115","POST","30","201"
"1675876056145","POST","14","201"
"1675876056160","POST","14","201"
"1675876056174","POST","16","201"
"1675876056190","POST","13","201"
"1675876056203","POST","14","201"
"1675876056217","POST","13","201"
"1675876056230","POST","14","201"
"1675876056244","POST","14","201"
"1675876056258","POST","13","201"
"1675876056271","POST","15","201"
"1675876056286","POST","16","201"
"1675876056302","POST","14","201"
"1675876056316","POST","17","201"
"1675876056334","POST","13","201"
"1675876056348","POST","25","201"
"1675876056373","POST","14","201"
"1675876056387","POST","14","201"
"1675876056401","POST","13","201"
"1675876056414","POST","15","201"
"1675876056429","POST","13","201"
"1675876056442","POST","14","201"
"1675876056456","POST","13","201"
"1675876056469","POST","14","201"
"1675876056483","POST","14","201"
"1675876056497","POST","14","201"
"1675876056511","POST","14","201"
"1675876056526","POST","14","201"
"1675876056540","POST","13","201"
"1675876056553","POST","16","201"
"1675876056569","POST","13","201"
"1675876056582","POST","14","201"
"1675876056596","POST","13","201"
"1675876056609","POST","13","201"
"1675876056622","POST","14","201"
"1675876056636","POST","14","201"
"1675876056650","POST","13","201"
"1675876056663","POST","14","201"
"1675876056677","POST","13","201"
"1675876056690","POST","14","201"
"1675876056704","POST","13","201"
"1675876056717","POST","13","201"
"1675876056730","POST","14","201"
"1675876056744","POST","14","201"
"1675876056758","POST","13","201"
"1675876056771","POST","13","201"
"1675876056784","POST","12","201"
"1675876056796","POST","14","201"
"1675876056810","POST","13","201"
"1675876056823","POST","13","201"
"1675876056836","POST","12","201"
"1675876056848","POST","13","201"
"1675876056861","POST","13","201"
"1675876056874","POST","13","201"
"1675876056888","POST","12","201"
"1675876056900","POST","14","201"
"1675876056914","POST","13","201"
"1675876056927","POST","15","201"
"1675876056942","POST","13","201"
"1675876056955","POST","13","201"
"1675876056968","POST","13","201"
"1675876056981","POST","14","201"
"1675876056995","POST","13","201"
"1675876057009","POST","13","201"
"1675876057022","POST","17","201"
"1675876057039","POST","13","201"
"1675876057052","POST","14","201"
"1675876057066","POST","14","201"
"1675876057080","POST","13","201"
"1675876057093","POST","13","201"
"1675876057106","POST","14","201"
"1675876057120","POST","14","201"
"1675876057134","POST","13","201"
"1675876057147","POST","13","201"
"1675876057160","POST","14","201"
"1675876057174","POST","16","201"
"1675876057190","POST","14","201"
"1675876057204","POST","13","201"
"1675876057217","POST","14","201"
"1675876057231","POST","13","201"
"1675876057244","POST","13","201"
"1675876057257","POST","14","201"
"1675876057271","POST","14","201"
"1675876057285","POST","13","201"
"1675876057299","POST","13","201"
"1675876057312","POST","14","201"
"1675876057326","POST","13","201"
"1675876057339","POST","14","201"
"1675876057353","POST","16","201"
"1675876057369","POST","13","201"
"1675876057382","POST","13","201"
"1675876057395","POST","14","201"
"1675876057409","POST","13","201"
"1675876057422","POST","14","201"
"1675876057436","POST","13","201"
"1675876057449","POST","13","201"
"1675876057462","POST","15","201"
"1675876057477","POST","15","201"
"1675876057492","POST","16","201"
"1675876057508","POST","14","201"
"1675876057522","POST","31","201"
"1675876057554","POST","14","201"
"1675876057568","POST","15","201"
"1675876057583","POST","14","201"
"1675876057597","POST","15","201"
"1675876057612","POST","15","201"
"1675876057628","POST","17","201"
"1675876057645","POST","14","201"
"1675876057659","POST","18","201"
"1675876057677","POST","14","201"
"1675876057691","POST","14","201"
"1675876057706","POST","15","201"
"1675876057721","POST","15","201"
"1675876057736","POST","13","201"
"1675876057749","POST","14","201"
"1675876057764","POST","16","201"
"1675876057780","POST","14","201"
"1675876057795","POST","13","201"
"1675876057809","POST","15","201"
"1675876057824","POST","15","201"
"1675876057839","POST","15","201"
"1675876057854","POST","15","201"
"1675876057869","POST","15","201"
"1675876057884","POST","14","201"
"1675876057898","POST","14","201"
"1675876057912","POST","13","201"
"1675876057925","POST","14","201"
"1675876057939","POST","13","201"
"1675876057952","POST","14","201"
"1675876057966","POST","14","201"
"1675876057980","POST","14","201"
"1675876057995","POST","13","201"
"1675876058008","POST","15","201"
"1675876058023","POST","18","201"
"1675876058041","POST","16","201"
"1675876058057","POST","14","201"
"1675876058071","POST","14","201"
"1675876058085","POST","14","201"
"1675876058099","POST","15","201"
"1675876058114","POST","14","201"
"1675876058128","POST","14","201"
"1675876058142","POST","13","201"
"1675876058155","POST","15","201"
"1675876058171","POST","13","201"
"1675876058184","POST","14","201"
"1675876058198","POST","16","201"
"1675876058214","POST","15","201"
"1675876058229","POST","14","201"
"1675876058243","POST","16","201"
"1675876058259","POST","15","201"
"1675876058274","POST","14","201"
"1675876058289","POST","13","201"
"1675876058302","POST","14","201"
"1675876058316","POST","14","201"
"1675876058330","POST","13","201"
"1675876058343","POST","14","201"
"1675876058357","POST","16","201"
"1675876058373","POST","13","201"
"1675876058386","POST","14","201"
"1675876058400","POST","14","201"
"1675876058414","POST","14","201"
"1675876058428","POST","14","201"
"1675876058442","POST","15","201"
"1675876058457","POST","14","201"
"1675876058471","POST","14","201"
"1675876058485","POST","14","201"
"1675876058499","POST","14","201"
"1675876058513","POST","15","201"
"1675876058528","POST","14","201"
"1675876058542","POST","13","201"
"1675876058556","POST","13","201"
"1675876058570","POST","15","201"
"1675876058585","POST","18","201"
"1675876058603","POST","18","201"
"1675876058621","POST","19","201"
"1675876058640","POST","14","201"
"1675876058654","POST","16","201"
"1675876058670","POST","14","201"
"1675876058684","POST","15","201"
"1675876058699","POST","14","201"
"1675876058713","POST","15","201"
"1675876058729","POST","14","201"
"1675876058743","POST","16","201"
"1675876058759","POST","13","201"
"1675876058772","POST","14","201"
"1675876058786","POST","14","201"
"1675876058800","POST","16","201"
"1675876058816","POST","14","201"
"1675876058830","POST","14","201"
"1675876058844","POST","15","201"
"1675876058859","POST","15","201"
"1675876058874","POST","14","201"
"1675876058888","POST","15","201"
"1675876058903","POST","13","201"
"1675876058916","POST","17","201"
"1675876058933","POST","14","201"
"1675876058948","POST","14","201"
"1675876058962","POST","15","201"
"1675876058977","POST","22","201"
"1675876058999","POST","17","201"
"1675876059016","POST","28","201"
"1675876059044","POST","16","201"
"1675876059060","POST","15","201"
"1675876059075","POST","15","201"
"1675876059091","POST","16","201"
"1675876059107","POST","15","201"
"1675876059122","POST","16","201"
"1675876059138","POST","15","201"
"1675876059153","POST","15","201"
"1675876059168","POST","15","201"
"1675876059183","POST","15","201"
"1675876059199","POST","15","201"
"1675876059214","POST","15","201"
"1675876059229","POST","16","201"
"1675876059245","POST","15","201"
"1675876059260","POST","15","201"
"1675876059275","POST","15","201"
"1675876059290","POST","18","201"
"1675876059309","POST","15","201"
"1675876059324","POST","15","201"
"1675876059339","POST","15","201"
"1675876059354","POST","15","201"
"1675876059369","POST","14","201"
"1675876059383","POST","16","201"
"1675876059399","POST","14","201"
"1675876059413","POST","18","201"
"1675876059431","POST","14","201"
"1675876059445","POST","15","201"
"1675876059460","POST","14","201"
"1675876059474","POST","16","201"
"1675876059490","POST","16","201"
"1675876059506","POST","16","201"
"1675876059522","POST","15","201"
"1675876059537","POST","16","201"
"1675876059553","POST","15","201"
"1675876059568","POST","15","201"
"1675876059583","POST","19","201"
"1675876059603","POST","15","201"
"1675876059618","POST","16","201"
"1675876059634","POST","16","201"
"1675876059650","POST","15","201"
"1675876059665","POST","15","201"
"1675876059680","POST","17","201"
"1675876059697","POST","15","201"
"1675876059712","POST","15","201"
"1675876059727","POST","18","201"
"1675876059745","POST","14","201"
"1675876059759","POST","16","201"
"1675876059775","POST","15","201"
"1675876059790","POST","14","201"
"1675876059804","POST","15","201"
"1675876059819","POST","15","201"
"1675876059834","POST","15","201"
"1675876059849","POST","16","201"
"1675876059865","POST","15","201"
"1675876059880","POST","16","201"
"1675876059896","POST","14","201"
"1675876059910","POST","17","201"
"1675876059927","POST","16","201"
"1675876059943","POST","15","201"
"1675876059958","POST","14","201"
"1675876059972","POST","16","201"
"1675876059988","POST","15","201"
"1675876060003","POST","15","201"
"1675876060018","POST","15","201"
"1675876060033","POST","15","201"
"1675876060048","POST","15","201"
"1675876060063","POST","15","201"
"1675876060078","POST","14","201"
"1675876060092","POST","15","201"
"1675876060107","POST","15","201"
"1675876060122","POST","14","201"
"1675876060136","POST","14","201"
"1675876060150","POST","16","201"
"1675876060166","POST","15","201"
"1675876060181","POST","14","201"
"1675876060195","POST","15","201"
"1675876060210","POST","15","201"
"1675876060225","POST","15","201"
"1675876060240","POST","15","201"
"1675876060255","POST","17","201"
"1675876060272","POST","16","201"
"1675876060288","POST","16","201"
"1675876060304","POST","20","201"
"1675876060324","POST","15","201"
"1675876060339","POST","16","201"
"1675876060355","POST","15","201"
"1675876060370","POST","15","201"
"1675876060385","POST","15","201"
"1675876060400","POST","16","201"
"1675876060416","POST","16","201"
"1675876060432","POST","16","201"
"1675876060448","POST","14","201"
"1675876060462","POST","16","201"
"1675876060478","POST","15","201"
"1675876060493","POST","15","201"
"1675876060508","POST","15","201"
"1675876060523","POST","16","201"
"1675876060539","POST","14","201"
"1675876060553","POST","16","201"
"1675876060569","POST","30","201"
"1675876060599","POST","12","201"
"1675876060611","POST","13","201"
"1675876060624","POST","12","201"
"1675876060636","POST","13","201"
"1675876060649","POST","13","201"
"1675876060662","POST","12","201"
"1675876060674","POST","13","201"
"1675876060687","POST","13","201"
"1675876060700","POST","12","201"
"1675876060712","POST","12","201"
"1675876060724","POST","13","201"
"1675876060737","POST","12","201"
"1675876060749","POST","13","201"
"1675876060762","POST","13","201"
"1675876060775","POST","14","201"
"1675876060789","POST","14","201"
"1675876060803","POST","13","201"
"1675876060816","POST","13","201"
"1675876060829","POST","13","201"
"1675876060842","POST","13","201"
"1675876060855","POST","14","201"
"1675876060869","POST","13","201"
"1675876060882","POST","12","201"
"1675876060894","POST","12","201"
"1675876060906","POST","12","201"
"1675876060918","POST","14","201"
"1675876060932","POST","14","201"
"1675876060946","POST","13","201"
"1675876060960","POST","12","201"
"1675876060972","POST","15","201"
"1675876060987","POST","13","201"
"1675876061000","POST","14","201"
"1675876061014","POST","12","201"
"1675876061026","POST","13","201"
"1675876061039","POST","11","201"
"1675876061050","POST","13","201"
"1675876061063","POST","13","201"
"1675876061076","POST","13","201"
"1675876061089","POST","14","201"
"1675876061103","POST","13","201"
"1675876061116","POST","14","201"
"1675876061130","POST","14","201"
"1675876061144","POST","13","201"
"1675876061158","POST","12","201"
"1675876061170","POST","14","201"
"1675876061184","POST","17","201"
"1675876061201","POST","13","201"
"1675876061214","POST","12","201"
"1675876061226","POST","14","201"
"1675876061240","POST","13","201"
"1675876061253","POST","13","201"
"1675876061266","POST","15","201"
"1675876061281","POST","13","201"
"1675876061294","POST","13","201"
"1675876061307","POST","13","201"
"1675876061320","POST","13","201"
"1675876061333","POST","12","201"
"1675876061345","POST","12","201"
"1675876061357","POST","14","201"
"1675876061371","POST","13","201"
"1675876061384","POST","13","201"
"1675876061397","POST","14","201"
"1675876061411","POST","13","201"
"1675876061424","POST","13","201"
"1675876061437","POST","12","201"
"1675876061449","POST","13","201"
"1675876061462","POST","13","201"
"1675876061475","POST","13","201"
"1675876061488","POST","13","201"
"1675876061501","POST","13","201"
"1675876061514","POST","12","201"
"1675876061526","POST","14","201"
"1675876061540","POST","13","201"
"1675876061553","POST","13","201"
"1675876061566","POST","12","201"
"1675876061578","POST","14","201"
"1675876061592","POST","13","201"
"1675876061605","POST","13","201"
"1675876061618","POST","14","201"
"1675876061632","POST","14","201"
"1675876061646","POST","12","201"
"1675876061658","POST","13","201"
"1675876061671","POST","13","201"
"1675876061684","POST","12","201"
"1675876061696","POST","13","201"
"1675876061709","POST","12","201"
"1675876061721","POST","13","201"
"1675876061734","POST","17","201"
"1675876061751","POST","13","201"
"1675876061764","POST","12","201"
"1675876061776","POST","11","201"
"1675876061787","POST","13","201"
"1675876061800","POST","13","201"
"1675876061813","POST","13","201"
"1675876061826","POST","13","201"
"1675876061839","POST","13","201"
"1675876061852","POST","13","201"
"1675876061866","POST","13","201"
"1675876061879","POST","13","201"
"1675876061892","POST","28","201"
"1675876061920","POST","13","201"
"1675876061933","POST","14","201"
"1675876061947","POST","15","201"
"1675876061962","POST","14","201"
"1675876061976","POST","14","201"
"1675876061990","POST","15","201"
"1675876062005","POST","15","201"
"1675876062020","POST","14","201"
"1675876062034","POST","15","201"
"1675876062049","POST","15","201"
"1675876062064","POST","14","201"
"1675876062078","POST","14","201"
"1675876062092","POST","14","201"
"1675876062106","POST","14","201"
"1675876062120","POST","15","201"
"1675876062135","POST","14","201"
"1675876062149","POST","15","201"
"1675876062164","POST","15","201"
"1675876062179","POST","15","201"
"1675876062194","POST","14","201"
"1675876062208","POST","15","201"
"1675876062224","POST","14","201"
"1675876062238","POST","15","201"
"1675876062254","POST","22","201"
"1675876062276","POST","15","201"
"1675876062291","POST","14","201"
"1675876062305","POST","14","201"
"1675876062319","POST","13","201"
"1675876062332","POST","15","201"
"1675876062347","POST","15","201"
"1675876062362","POST","14","201"
"1675876062376","POST","14","201"
"1675876062390","POST","15","201"
"1675876062405","POST","13","201"
"1675876062418","POST","14","201"
"1675876062432","POST","14","201"
"1675876062446","POST","14","201"
"1675876062460","POST","13","201"
"1675876062473","POST","15","201"
"1675876062488","POST","13","201"
"1675876062501","POST","14","201"
"1675876062515","POST","13","201"
"1675876062528","POST","14","201"
"1675876062542","POST","14","201"
"1675876062556","POST","14","201"
"1675876062570","POST","14","201"
"1675876062584","POST","14","201"
"1675876062598","POST","14","201"
"1675876062612","POST","14","201"
"1675876062626","POST","14","201"
"1675876062640","POST","14","201"
"1675876062654","POST","15","201"
"1675876062669","POST","15","201"
"1675876062684","POST","16","201"
"1675876062700","POST","14","201"
"1675876062714","POST","14","201"
"1675876062728","POST","14","201"
"1675876062743","POST","13","201"
"1675876062756","POST","14","201"
"1675876062770","POST","14","201"
"1675876062784","POST","15","201"
"1675876062799","POST","14","201"
"1675876062813","POST","14","201"
"1675876062827","POST","16","201"
"1675876062843","POST","15","201"
"1675876062858","POST","15","201"
"1675876062873","POST","16","201"
"1675876062889","POST","15","201"
"1675876062904","POST","15","201"
"1675876062919","POST","14","201"
"1675876062933","POST","14","201"
"1675876062947","POST","15","201"
"1675876062962","POST","15","201"
"1675876062977","POST","14","201"
"1675876062991","POST","15","201"
"1675876063006","POST","14","201"
"1675876063020","POST","15","201"
"1675876063035","POST","14","201"
"1675876063049","POST","15","201"
"1675876063064","POST","15","201"
"1675876063079","POST","15","201"
"1675876063094","POST","16","201"
"1675876063110","POST","14","201"
"1675876063124","POST","15","201"
"1675876063139","POST","14","201"
"1675876063153","POST","14","201"
"1675876063167","POST","14","201"
"1675876063181","POST","14","201"
"1675876063195","POST","14","201"
"1675876063209","POST","15","201"
"1675876063224","POST","14","201"
"1675876063238","POST","14","201"
"1675876063252","POST","14","201"
"1675876063266","POST","14","201"
"1675876063280","POST","15","201"
"1675876063295","POST","13","201"
"1675876063308","POST","14","201"
"1675876063322","POST","14","201"
"1675876063336","POST","14","201"
"1675876063350","POST","23","201"
"1675876063373","POST","12","201"
"1675876063385","POST","14","201"
"1675876063399","POST","12","201"
"1675876063411","POST","12","201"
"1675876063423","POST","12","201"
"1675876063435","POST","12","201"
"1675876063447","POST","12","201"
"1675876063459","POST","12","201"
"1675876063471","POST","13","201"
"1675876063484","POST","12","201"
"1675876063496","POST","12","201"
"1675876063508","POST","15","201"
"1675876063523","POST","12","201"
"1675876063535","POST","13","201"
"1675876063548","POST","14","201"
"1675876063562","POST","13","201"
"1675876063575","POST","12","201"
"1675876063587","POST","12","201"
"1675876063599","POST","12","201"
"1675876063611","POST","13","201"
"1675876063624","POST","12","201"
"1675876063636","POST","14","201"
"1675876063650","POST","15","201"
"1675876063665","POST","14","201"
"1675876063679","POST","13","201"
"1675876063692","POST","12","201"
"1675876063704","POST","11","201"
"1675876063715","POST","12","201"
"1675876063727","POST","14","201"
"1675876063741","POST","12","201"
"1675876063753","POST","12","201"
"1675876063765","POST","12","201"
"1675876063777","POST","12","201"
"1675876063789","POST","12","201"
"1675876063801","POST","12","201"
"1675876063813","POST","14","201"
"1675876063827","POST","12","201"
"1675876063839","POST","11","201"
"1675876063850","POST","13","201"
"1675876063863","POST","12","201"
"1675876063875","POST","12","201"
"1675876063887","POST","12","201"
"1675876063899","POST","12","201"
"1675876063911","POST","12","201"
"1675876063923","POST","13","201"
"1675876063936","POST","12","201"
"1675876063948","POST","12","201"
"1675876063960","POST","12","201"
"1675876063972","POST","12","201"
"1675876063984","POST","12","201"
"1675876063996","POST","12","201"
"1675876064008","POST","12","201"
"1675876064020","POST","12","201"
"1675876064032","POST","13","201"
"1675876064045","POST","12","201"
"1675876064057","POST","12","201"
"1675876064069","POST","13","201"
"1675876064082","POST","12","201"
"1675876064095","POST","13","201"
"1675876064108","POST","13","201"
"1675876064121","POST","13","201"
"1675876064135","POST","12","201"
"1675876064147","POST","14","201"
"1675876064161","POST","12","201"
"1675876064173","POST","15","201"
"1675876064188","POST","13","201"
"1675876064201","POST","12","201"
"1675876064213","POST","12","201"
"1675876064226","POST","12","201"
"1675876064238","POST","12","201"
"1675876064250","POST","15","201"
"1675876064265","POST","12","201"
"1675876064277","POST","13","201"
"1675876064290","POST","13","201"
"1675876064303","POST","12","201"
"1675876064315","POST","13","201"
"1675876064328","POST","17","201"
"1675876064345","POST","14","201"
"1675876064359","POST","12","201"
"1675876064371","POST","15","201"
"1675876064386","POST","12","201"
"1675876064398","POST","12","201"
"1675876064410","POST","13","201"
"1675876064423","POST","12","201"
"1675876064435","POST","12","201"
"1675876064447","POST","12","201"
"1675876064459","POST","13","201"
"1675876064472","POST","13","201"
"1675876064485","POST","12","201"
"1675876064497","POST","13","201"
"1675876064510","POST","13","201"
"1675876064523","POST","14","201"
"1675876064537","POST","13","201"
"1675876064550","POST","13","201"
"1675876064563","POST","13","201"
"1675876064576","POST","13","201"
"1675876064589","POST","15","201"
"1675876064604","POST","12","201"
"1675876064616","POST","13","201"
"1675876064629","POST","25","201"
"1675876064654","POST","15","201"
"1675876064669","POST","16","201"
"1675876064685","POST","17","201"
"1675876064702","POST","13","201"
"1675876064715","POST","16","201"
"1675876064731","POST","14","201"
"1675876064745","POST","14","201"
"1675876064759","POST","14","201"
"1675876064774","POST","20","201"
"1675876064794","POST","19","201"
"1675876064813","POST","14","201"
"1675876064828","POST","13","201"
"1675876064841","POST","15","201"
"1675876064856","POST","13","201"
"1675876064869","POST","13","201"
"1675876064882","POST","14","201"
"1675876064896","POST","15","201"
"1675876064911","POST","15","201"
"1675876064927","POST","15","201"
"1675876064942","POST","15","201"
"1675876064957","POST","14","201"
"1675876064971","POST","15","201"
"1675876064986","POST","14","201"
"1675876065000","POST","13","201"
"1675876065013","POST","14","201"
"1675876065027","POST","14","201"
"1675876065041","POST","15","201"
"1675876065056","POST","13","201"
"1675876065069","POST","15","201"
"1675876065084","POST","18","201"
"1675876065102","POST","16","201"
"1675876065118","POST","16","201"
"1675876065134","POST","20","201"
"1675876065154","POST","15","201"
"1675876065169","POST","18","201"
"1675876065187","POST","15","201"
"1675876065202","POST","14","201"
"1675876065216","POST","13","201"
"1675876065229","POST","15","201"
"1675876065244","POST","13","201"
"1675876065257","POST","14","201"
"1675876065271","POST","14","201"
"1675876065285","POST","14","201"
"1675876065299","POST","14","201"
"1675876065313","POST","14","201"
"1675876065327","POST","14","201"
"1675876065341","POST","14","201"
"1675876065355","POST","16","201"
"1675876065371","POST","15","201"
"1675876065386","POST","14","201"
"1675876065400","POST","15","201"
"1675876065415","POST","13","201"
"1675876065428","POST","16","201"
"1675876065444","POST","13","201"
"1675876065457","POST","14","201"
"1675876065471","POST","14","201"
"1675876065485","POST","15","201"
"1675876065500","POST","17","201"
"1675876065517","POST","14","201"
"1675876065531","POST","14","201"
"1675876065545","POST","14","201"
"1675876065560","POST","13","201"
"1675876065574","POST","14","201"
"1675876065588","POST","14","201"
"1675876065602","POST","15","201"
"1675876065617","POST","14","201"
"1675876065631","POST","14","201"
"1675876065645","POST","13","201"
"1675876065658","POST","14","201"
"1675876065672","POST","14","201"
"1675876065686","POST","13","201"
"1675876065699","POST","14","201"
"1675876065713","POST","14","201"
"1675876065728","POST","13","201"
"1675876065741","POST","14","201"
"1675876065755","POST","14","201"
"1675876065769","POST","15","201"
"1675876065784","POST","14","201"
"1675876065798","POST","15","201"
"1675876065813","POST","15","201"
"1675876065828","POST","14","201"
"1675876065842","POST","13","201"
"1675876065856","POST","13","201"
"1675876065869","POST","13","201"
"1675876065882","POST","14","201"
"1675876065896","POST","13","201"
"1675876065909","POST","14","201"
"1675876065923","POST","13","201"
"1675876065937","POST","14","201"
"1675876065951","POST","15","201"
"1675876065966","POST","14","201"
"1675876065980","POST","14","201"
"1675876065994","POST","14","201"
"1675876066008","POST","13","201"
"1675876066021","POST","15","201"
"1675876066036","POST","13","201"
"1675876066049","POST","14","201"
"1675876066063","POST","13","201"
"1675876066077","POST","13","201"
"1675876066090","POST","24","201"
"1675876066114","POST","13","201"
"1675876066127","POST","12","201"
"1675876066139","POST","12","201"
"1675876066151","POST","13","201"
"1675876066164","POST","12","201"
"1675876066176","POST","13","201"
"1675876066189","POST","13","201"
"1675876066202","POST","12","201"
"1675876066214","POST","12","201"
"1675876066226","POST","13","201"
"1675876066239","POST","15","201"
"1675876066254","POST","12","201"
"1675876066266","POST","11","201"
"1675876066277","POST","13","201"
"1675876066290","POST","12","201"
"1675876066303","POST","11","201"
"1675876066314","POST","15","201"
"1675876066329","POST","13","201"
"1675876066342","POST","12","201"
"1675876066354","POST","13","201"
"1675876066367","POST","13","201"
"1675876066380","POST","13","201"
"1675876066393","POST","13","201"
"1675876066406","POST","12","201"
"1675876066418","POST","14","201"
"1675876066432","POST","13","201"
"1675876066445","POST","14","201"
"1675876066459","POST","12","201"
"1675876066471","POST","12","201"
"1675876066483","POST","12","201"
"1675876066495","POST","12","201"
"1675876066507","POST","12","201"
"1675876066519","POST","13","201"
"1675876066532","POST","12","201"
"1675876066544","POST","11","201"
"1675876066555","POST","13","201"
"1675876066568","POST","11","201"
"1675876066579","POST","12","201"
"1675876066591","POST","12","201"
"1675876066603","POST","12","201"
"1675876066616","POST","12","201"
"1675876066628","POST","16","201"
"1675876066644","POST","11","201"
"1675876066655","POST","14","201"
"1675876066669","POST","12","201"
"1675876066682","POST","12","201"
"1675876066694","POST","21","201"
"1675876066715","POST","15","201"
"1675876066730","POST","11","201"
"1675876066741","POST","14","201"
"1675876066755","POST","13","201"
"1675876066768","POST","13","201"
"1675876066781","POST","13","201"
"1675876066795","POST","12","201"
"1675876066807","POST","13","201"
"1675876066820","POST","17","201"
"1675876066837","POST","18","201"
"1675876066855","POST","12","201"
"1675876066867","POST","12","201"
"1675876066879","POST","12","201"
"1675876066891","POST","13","201"
"1675876066904","POST","11","201"
"1675876066915","POST","15","201"
"1675876066930","POST","14","201"
"1675876066944","POST","13","201"
"1675876066957","POST","12","201"
"1675876066969","POST","12","201"
"1675876066981","POST","12","201"
"1675876066993","POST","13","201"
"1675876067006","POST","12","201"
"1675876067018","POST","12","201"
"1675876067030","POST","13","201"
"1675876067044","POST","17","201"
"1675876067061","POST","13","201"
"1675876067074","POST","21","201"
"1675876067095","POST","12","201"
"1675876067107","POST","12","201"
"1675876067119","POST","12","201"
"1675876067131","POST","12","201"
"1675876067143","POST","12","201"
"1675876067155","POST","17","201"
"1675876067172","POST","12","201"
"1675876067184","POST","13","201"
"1675876067197","POST","14","201"
"1675876067211","POST","13","201"
"1675876067224","POST","17","201"
"1675876067241","POST","13","201"
"1675876067254","POST","12","201"
"1675876067266","POST","13","201"
"1675876067279","POST","13","201"
"1675876067292","POST","13","201"
"1675876067305","POST","12","201"
"1675876067317","POST","12","201"
"1675876067329","POST","13","201"
"1675876067342","POST","12","201"
"1675876067354","POST","14","201"
"1675876067368","POST","11","201"
"1675876067379","POST","13","201"
"1675876067392","POST","12","201"
"1675876067404","POST","28","201"
"1675876067432","POST","16","201"
"1675876067448","POST","15","201"
"1675876067463","POST","15","201"
"1675876067478","POST","16","201"
"1675876067494","POST","15","201"
"1675876067509","POST","14","201"
"1675876067523","POST","15","201"
"1675876067538","POST","14","201"
"1675876067552","POST","14","201"
"1675876067566","POST","15","201"
"1675876067581","POST","15","201"
"1675876067596","POST","14","201"
"1675876067610","POST","15","201"
"1675876067625","POST","15","201"
"1675876067640","POST","15","201"
"1675876067655","POST","17","201"
"1675876067672","POST","15","201"
"1675876067687","POST","15","201"
"1675876067703","POST","15","201"
"1675876067718","POST","15","201"
"1675876067733","POST","16","201"
"1675876067749","POST","16","201"
"1675876067765","POST","15","201"
"1675876067780","POST","15","201"
"1675876067795","POST","15","201"
"1675876067810","POST","15","201"
"1675876067825","POST","14","201"
"1675876067839","POST","15","201"
"1675876067854","POST","17","201"
"1675876067871","POST","15","201"
"1675876067886","POST","15","201"
"1675876067901","POST","17","201"
"1675876067918","POST","15","201"
"1675876067933","POST","15","201"
"1675876067948","POST","15","201"
"1675876067963","POST","15","201"
"1675876067978","POST","15","201"
"1675876067994","POST","15","201"
"1675876068009","POST","14","201"
"1675876068023","POST","15","201"
"1675876068038","POST","14","201"
"1675876068052","POST","15","201"
"1675876068068","POST","14","201"
"1675876068082","POST","16","201"
"1675876068098","POST","14","201"
"1675876068113","POST","15","201"
"1675876068128","POST","15","201"
"1675876068143","POST","14","201"
"1675876068157","POST","17","201"
"1675876068174","POST","15","201"
"1675876068189","POST","15","201"
"1675876068204","POST","16","201"
"1675876068220","POST","23","201"
"1675876068244","POST","15","201"
"1675876068259","POST","14","201"
"1675876068273","POST","16","201"
"1675876068289","POST","17","201"
"1675876068306","POST","15","201"
"1675876068321","POST","15","201"
"1675876068336","POST","15","201"
"1675876068351","POST","14","201"
"1675876068365","POST","18","201"
"1675876068383","POST","14","201"
"1675876068397","POST","16","201"
"1675876068413","POST","14","201"
"1675876068427","POST","14","201"
"1675876068441","POST","15","201"
"1675876068456","POST","16","201"
"1675876068472","POST","15","201"
"1675876068487","POST","15","201"
"1675876068502","POST","15","201"
"1675876068517","POST","15","201"
"1675876068532","POST","15","201"
"1675876068547","POST","15","201"
"1675876068562","POST","15","201"
"1675876068577","POST","15","201"
"1675876068592","POST","14","201"
"1675876068606","POST","15","201"
"1675876068621","POST","14","201"
"1675876068635","POST","15","201"
"1675876068650","POST","14","201"
"1675876068664","POST","17","201"
"1675876068681","POST","15","201"
"1675876068696","POST","16","201"
"1675876068712","POST","15","201"
"1675876068727","POST","15","201"
"1675876068742","POST","16","201"
"1675876068758","POST","16","201"
"1675876068774","POST","14","201"
"1675876068788","POST","15","201"
"1675876068803","POST","15","201"
"1675876068818","POST","19","201"
"1675876068837","POST","16","201"
"1675876068853","POST","20","201"
"1675876068873","POST","14","201"
"1675876068888","POST","15","201"
"1675876068903","POST","14","201"
"1675876068917","POST","18","201"
"1675876068935","POST","19","201"
"1675876068954","POST","28","201"
"1675876068982","POST","15","201"
"1675876068997","POST","15","201"
"1675876069013","POST","15","201"
"1675876069028","POST","14","201"
"1675876069042","POST","15","201"
"1675876069057","POST","14","201"
"1675876069071","POST","15","201"
"1675876069086","POST","15","201"
"1675876069101","POST","15","201"
"1675876069116","POST","14","201"
"1675876069130","POST","15","201"
"1675876069145","POST","15","201"
"1675876069160","POST","18","201"
"1675876069178","POST","15","201"
"1675876069193","POST","16","201"
"1675876069209","POST","14","201"
"1675876069223","POST","15","201"
"1675876069238","POST","14","201"
"1675876069252","POST","15","201"
"1675876069267","POST","15","201"
"1675876069282","POST","15","201"
"1675876069297","POST","15","201"
"1675876069312","POST","14","201"
"1675876069326","POST","14","201"
"1675876069340","POST","15","201"
"1675876069355","POST","14","201"
"1675876069369","POST","15","201"
"1675876069384","POST","15","201"
"1675876069399","POST","14","201"
"1675876069413","POST","15","201"
"1675876069428","POST","15","201"
"1675876069443","POST","16","201"
"1675876069459","POST","15","201"
"1675876069474","POST","14","201"
"1675876069488","POST","15","201"
"1675876069503","POST","18","201"
"1675876069521","POST","14","201"
"1675876069536","POST","15","201"
"1675876069551","POST","15","201"
"1675876069567","POST","15","201"
"1675876069582","POST","15","201"
"1675876069597","POST","15","201"
"1675876069612","POST","15","201"
"1675876069627","POST","14","201"
"1675876069641","POST","15","201"
"1675876069656","POST","14","201"
"1675876069670","POST","14","201"
"1675876069684","POST","15","201"
"1675876069699","POST","15","201"
"1675876069714","POST","15","201"
"1675876069729","POST","15","201"
"1675876069744","POST","16","201"
"1675876069760","POST","15","201"
"1675876069775","POST","17","201"
"1675876069792","POST","15","201"
"1675876069807","POST","15","201"
"1675876069822","POST","15","201"
"1675876069837","POST","15","201"
"1675876069852","POST","15","201"
"1675876069867","POST","15","201"
"1675876069882","POST","15","201"
"1675876069897","POST","15","201"
"1675876069912","POST","18","201"
"1675876069930","POST","14","201"
"1675876069944","POST","14","201"
"1675876069958","POST","15","201"
"1675876069973","POST","15","201"
"1675876069988","POST","15","201"
"1675876070003","POST","17","201"
"1675876070020","POST","15","201"
"1675876070035","POST","18","201"
"1675876070053","POST","14","201"
"1675876070067","POST","15","201"
"1675876070082","POST","14","201"
"1675876070096","POST","16","201"
"1675876070112","POST","16","201"
"1675876070128","POST","15","201"
"1675876070143","POST","14","201"
"1675876070157","POST","15","201"
"1675876070172","POST","15","201"
"1675876070187","POST","17","201"
"1675876070204","POST","15","201"
"1675876070219","POST","16","201"
"1675876070235","POST","16","201"
"1675876070251","POST","14","201"
"1675876070265","POST","15","201"
"1675876070280","POST","15","201"
"1675876070295","POST","15","201"
"1675876070310","POST","15","201"
"1675876070325","POST","15","201"
"1675876070340","POST","15","201"
"1675876070355","POST","14","201"
"1675876070369","POST","15","201"
"1675876070384","POST","15","201"
"1675876070399","POST","16","201"
"1675876070415","POST","15","201"
"1675876070430","POST","15","201"
"1675876070445","POST","14","201"
"1675876070459","POST","15","201"
"1675876070474","POST","24","201"
"1675876070498","POST","13","201"
"1675876070511","POST","14","201"
"1675876070525","POST","13","201"
"1675876070538","POST","14","201"
"1675876070552","POST","12","201"
"1675876070564","POST","13","201"
"1675876070577","POST","13","201"
"1675876070590","POST","12","201"
"1675876070602","POST","14","201"
"1675876070616","POST","12","201"
"1675876070629","POST","12","201"
"1675876070641","POST","15","201"
"1675876070656","POST","14","201"
"1675876070670","POST","12","201"
"1675876070682","POST","12","201"
"1675876070694","POST","14","201"
"1675876070708","POST","12","201"
"1675876070721","POST","12","201"
"1675876070733","POST","11","201"
"1675876070744","POST","12","201"
"1675876070756","POST","12","201"
"1675876070768","POST","12","201"
"1675876070780","POST","12","201"
"1675876070792","POST","13","201"
"1675876070805","POST","13","201"
"1675876070818","POST","12","201"
"1675876070830","POST","13","201"
"1675876070843","POST","16","201"
"1675876070859","POST","13","201"
"1675876070872","POST","13","201"
"1675876070885","POST","14","201"
"1675876070899","POST","12","201"
"1675876070912","POST","14","201"
"1675876070926","POST","13","201"
"1675876070939","POST","12","201"
"1675876070951","POST","13","201"
"1675876070964","POST","12","201"
"1675876070976","POST","14","201"
"1675876070990","POST","14","201"
"1675876071004","POST","16","201"
"1675876071020","POST","14","201"
"1675876071034","POST","12","201"
"1675876071046","POST","12","201"
"1675876071058","POST","12","201"
"1675876071070","POST","12","201"
"1675876071082","POST","12","201"
"1675876071094","POST","12","201"
"1675876071106","POST","15","201"
"1675876071121","POST","12","201"
"1675876071133","POST","13","201"
"1675876071146","POST","13","201"
"1675876071159","POST","13","201"
"1675876071173","POST","12","201"
"1675876071185","POST","13","201"
"1675876071198","POST","12","201"
"1675876071210","POST","14","201"
"1675876071224","POST","12","201"
"1675876071236","POST","13","201"
"1675876071249","POST","12","201"
"1675876071261","POST","13","201"
"1675876071274","POST","15","201"
"1675876071289","POST","15","201"
"1675876071304","POST","12","201"
"1675876071316","POST","13","201"
"1675876071329","POST","16","201"
"1675876071345","POST","13","201"
"1675876071358","POST","11","201"
"1675876071369","POST","13","201"
"1675876071382","POST","14","201"
"1675876071396","POST","13","201"
"1675876071409","POST","13","201"
"1675876071422","POST","14","201"
"1675876071436","POST","14","201"
"1675876071450","POST","13","201"
"1675876071463","POST","12","201"
"1675876071475","POST","15","201"
"1675876071490","POST","12","201"
"1675876071502","POST","13","201"
"1675876071515","POST","12","201"
"1675876071527","POST","12","201"
"1675876071539","POST","14","201"
"1675876071553","POST","12","201"
"1675876071565","POST","15","201"
"1675876071580","POST","12","201"
"1675876071592","POST","13","201"
"1675876071605","POST","13","201"
"1675876071618","POST","13","201"
"1675876071631","POST","13","201"
"1675876071644","POST","12","201"
"1675876071656","POST","12","201"
"1675876071668","POST","12","201"
"1675876071680","POST","13","201"
"1675876071693","POST","14","201"
"1675876071707","POST","14","201"
"1675876071721","POST","16","201"
"1675876071737","POST","12","201"
"1675876071749","POST","13","201"
"1675876071762","POST","13","201"
"1675876071775","POST","13","201"
"1675876071788","POST","29","201"
"1675876071817","POST","15","201"
"1675876071832","POST","15","201"
"1675876071847","POST","15","201"
"1675876071862","POST","15","201"
"1675876071877","POST","14","201"
"1675876071891","POST","15","201"
"1675876071906","POST","17","201"
"1675876071923","POST","15","201"
"1675876071938","POST","13","201"
"1675876071951","POST","14","201"
"1675876071965","POST","14","201"
"1675876071979","POST","14","201"
"1675876071993","POST","14","201"
"1675876072008","POST","15","201"
"1675876072023","POST","14","201"
"1675876072037","POST","15","201"
"1675876072052","POST","14","201"
"1675876072066","POST","15","201"
"1675876072081","POST","14","201"
"1675876072095","POST","15","201"
"1675876072110","POST","14","201"
"1675876072124","POST","15","201"
"1675876072139","POST","14","201"
"1675876072153","POST","14","201"
"1675876072167","POST","15","201"
"1675876072182","POST","14","201"
"1675876072197","POST","14","201"
"1675876072211","POST","15","201"
"1675876072226","POST","14","201"
"1675876072240","POST","15","201"
"1675876072255","POST","14","201"
"1675876072269","POST","15","201"
"1675876072284","POST","15","201"
"1675876072299","POST","15","201"
"1675876072314","POST","15","201"
"1675876072329","POST","15","201"
"1675876072344","POST","14","201"
"1675876072358","POST","14","201"
"1675876072372","POST","14","201"
"1675876072386","POST","16","201"
"1675876072402","POST","14","201"
"1675876072416","POST","15","201"
"1675876072431","POST","15","201"
"1675876072446","POST","17","201"
"1675876072463","POST","15","201"
"1675876072478","POST","15","201"
"1675876072493","POST","15","201"
"1675876072508","POST","14","201"
"1675876072522","POST","14","201"
"1675876072536","POST","16","201"
"1675876072552","POST","14","201"
"1675876072566","POST","14","201"
"1675876072580","POST","14","201"
"1675876072594","POST","14","201"
"1675876072608","POST","15","201"
"1675876072623","POST","14","201"
"1675876072637","POST","14","201"
"1675876072651","POST","15","201"
"1675876072666","POST","15","201"
"1675876072681","POST","16","201"
"1675876072697","POST","16","201"
"1675876072713","POST","14","201"
"1675876072728","POST","14","201"
"1675876072742","POST","15","201"
"1675876072757","POST","16","201"
"1675876072773","POST","15","201"
"1675876072788","POST","15","201"
"1675876072803","POST","14","201"
"1675876072817","POST","14","201"
"1675876072831","POST","15","201"
"1675876072846","POST","18","201"
"1675876072864","POST","16","201"
"1675876072881","POST","14","201"
"1675876072895","POST","15","201"
"1675876072910","POST","16","201"
"1675876072926","POST","17","201"
"1675876072943","POST","14","201"
"1675876072957","POST","14","201"
"1675876072971","POST","14","201"
"1675876072985","POST","15","201"
"1675876073000","POST","16","201"
"1675876073017","POST","14","201"
"1675876073031","POST","15","201"
"1675876073046","POST","14","201"
"1675876073060","POST","15","201"
"1675876073075","POST","16","201"
"1675876073091","POST","15","201"
"1675876073106","POST","14","201"
"1675876073120","POST","14","201"
"1675876073134","POST","15","201"
"1675876073149","POST","14","201"
"1675876073163","POST","15","201"
"1675876073178","POST","15","201"
"1675876073193","POST","15","201"
"1675876073208","POST","13","201"
"1675876073221","POST","16","201"
"1675876073237","POST","13","201"
"1675876073251","POST","14","201"
"1675876073265","POST","15","201"
"1675876073280","POST","26","201"
"1675876073306","POST","13","201"
"1675876073319","POST","13","201"
"1675876073332","POST","13","201"
"1675876073345","POST","13","201"
"1675876073358","POST","12","201"
"1675876073370","POST","13","201"
"1675876073383","POST","13","201"
"1675876073396","POST","13","201"
"1675876073409","POST","13","201"
"1675876073422","POST","14","201"
"1675876073436","POST","13","201"
"1675876073449","POST","13","201"
"1675876073462","POST","13","201"
"1675876073475","POST","15","201"
"1675876073490","POST","14","201"
"1675876073504","POST","14","201"
"1675876073518","POST","14","201"
"1675876073532","POST","14","201"
"1675876073546","POST","15","201"
"1675876073561","POST","13","201"
"1675876073574","POST","13","201"
"1675876073588","POST","13","201"
"1675876073601","POST","13","201"
"1675876073614","POST","12","201"
"1675876073626","POST","13","201"
"1675876073639","POST","13","201"
"1675876073652","POST","14","201"
"1675876073666","POST","13","201"
"1675876073679","POST","13","201"
"1675876073692","POST","13","201"
"1675876073705","POST","17","201"
"1675876073722","POST","13","201"
"1675876073735","POST","14","201"
"1675876073749","POST","12","201"
"1675876073761","POST","13","201"
"1675876073774","POST","13","201"
"1675876073787","POST","13","201"
"1675876073800","POST","13","201"
"1675876073813","POST","16","201"
"1675876073829","POST","15","201"
"1675876073844","POST","13","201"
"1675876073857","POST","13","201"
"1675876073870","POST","13","201"
"1675876073883","POST","16","201"
"1675876073899","POST","14","201"
"1675876073913","POST","17","201"
"1675876073930","POST","18","201"
"1675876073948","POST","13","201"
"1675876073961","POST","14","201"
"1675876073975","POST","12","201"
"1675876073987","POST","15","201"
"1675876074002","POST","15","201"
"1675876074017","POST","15","201"
"1675876074032","POST","15","201"
"1675876074047","POST","12","201"
"1675876074060","POST","12","201"
"1675876074072","POST","12","201"
"1675876074084","POST","16","201"
"1675876074100","POST","12","201"
"1675876074113","POST","13","201"
"1675876074126","POST","13","201"
"1675876074139","POST","14","201"
"1675876074153","POST","13","201"
"1675876074166","POST","15","201"
"1675876074181","POST","14","201"
"1675876074195","POST","13","201"
"1675876074208","POST","13","201"
"1675876074221","POST","13","201"
"1675876074234","POST","14","201"
"1675876074248","POST","14","201"
"1675876074262","POST","15","201"
"1675876074277","POST","14","201"
"1675876074291","POST","12","201"
"1675876074303","POST","14","201"
"1675876074317","POST","14","201"
"1675876074331","POST","14","201"
"1675876074345","POST","12","201"
"1675876074358","POST","14","201"
"1675876074372","POST","12","201"
"1675876074384","POST","14","201"
"1675876074398","POST","13","201"
"1675876074411","POST","13","201"
"1675876074424","POST","13","201"
"1675876074437","POST","13","201"
"1675876074450","POST","13","201"
"1675876074463","POST","13","201"
"1675876074476","POST","13","201"
"1675876074489","POST","15","201"
"1675876074504","POST","12","201"
"1675876074516","POST","14","201"
"1675876074530","POST","14","201"
"1675876074544","POST","13","201"
"1675876074557","POST","13","201"
"1675876074570","POST","13","201"
"1675876074583","POST","13","201"
"1675876074596","POST","13","201"
"1675876074609","POST","13","201"
"1675876074622","POST","14","201"
"1675876074636","POST","12","201"
"1675876074648","POST","24","201"
"1675876074672","POST","12","201"
"1675876074685","POST","12","201"
"1675876074697","POST","13","201"
"1675876074710","POST","12","201"
"1675876074722","POST","12","201"
"1675876074734","POST","12","201"
"1675876074746","POST","13","201"
"1675876074759","POST","13","201"
"1675876074772","POST","14","201"
"1675876074786","POST","13","201"
"1675876074799","POST","13","201"
"1675876074812","POST","14","201"
"1675876074826","POST","15","201"
"1675876074841","POST","13","201"
"1675876074854","POST","14","201"
"1675876074868","POST","13","201"
"1675876074881","POST","13","201"
"1675876074894","POST","13","201"
"1675876074907","POST","16","201"
"1675876074923","POST","13","201"
"1675876074936","POST","14","201"
"1675876074950","POST","13","201"
"1675876074963","POST","13","201"
"1675876074977","POST","12","201"
"1675876074989","POST","14","201"
"1675876075003","POST","13","201"
"1675876075016","POST","12","201"
"1675876075029","POST","12","201"
"1675876075041","POST","12","201"
"1675876075053","POST","13","201"
"1675876075066","POST","13","201"
"1675876075079","POST","13","201"
"1675876075092","POST","12","201"
"1675876075104","POST","15","201"
"1675876075119","POST","13","201"
"1675876075132","POST","13","201"
"1675876075145","POST","13","201"
"1675876075158","POST","12","201"
"1675876075170","POST","12","201"
"1675876075182","POST","13","201"
"1675876075195","POST","12","201"
"1675876075207","POST","14","201"
"1675876075221","POST","13","201"
"1675876075234","POST","13","201"
"1675876075247","POST","12","201"
"1675876075259","POST","13","201"
"1675876075272","POST","12","201"
"1675876075284","POST","12","201"
"1675876075296","POST","13","201"
"1675876075309","POST","12","201"
"1675876075321","POST","13","201"
"1675876075334","POST","13","201"
"1675876075347","POST","12","201"
"1675876075359","POST","14","201"
"1675876075373","POST","13","201"
"1675876075386","POST","13","201"
"1675876075399","POST","13","201"
"1675876075412","POST","14","201"
"1675876075426","POST","13","201"
"1675876075439","POST","14","201"
"1675876075453","POST","12","201"
"1675876075465","POST","14","201"
"1675876075480","POST","12","201"
"1675876075492","POST","14","201"
"1675876075506","POST","14","201"
"1675876075520","POST","13","201"
"1675876075533","POST","13","201"
"1675876075546","POST","13","201"
"1675876075559","POST","12","201"
"1675876075572","POST","14","201"
"1675876075586","POST","13","201"
"1675876075599","POST","14","201"
"1675876075613","POST","13","201"
"1675876075627","POST","13","201"
"1675876075640","POST","13","201"
"1675876075653","POST","12","201"
"1675876075665","POST","12","201"
"1675876075678","POST","13","201"
"1675876075691","POST","12","201"
"1675876075703","POST","14","201"
"1675876075717","POST","12","201"
"1675876075729","POST","12","201"
"1675876075741","POST","13","201"
"1675876075754","POST","13","201"
"1675876075767","POST","13","201"
"1675876075780","POST","14","201"
"1675876075794","POST","12","201"
"1675876075806","POST","13","201"
"1675876075819","POST","13","201"
"1675876075832","POST","12","201"
"1675876075844","POST","13","201"
"1675876075857","POST","13","201"
"1675876075870","POST","13","201"
"1675876075883","POST","15","201"
"1675876075898","POST","15","201"
"1675876075913","POST","15","201"
"1675876075928","POST","14","201"
"1675876075942","POST","13","201"
"1675876075955","POST","13","201"
"1675876075968","POST","30","201"
"1675876075998","POST","15","201"
"1675876076013","POST","15","201"
"1675876076028","POST","14","201"
"1675876076042","POST","16","201"
"1675876076058","POST","15","201"
"1675876076073","POST","15","201"
"1675876076088","POST","14","201"
"1675876076102","POST","15","201"
"1675876076117","POST","14","201"
"1675876076131","POST","15","201"
"1675876076146","POST","14","201"
"1675876076160","POST","16","201"
"1675876076176","POST","14","201"
"1675876076190","POST","15","201"
"1675876076205","POST","16","201"
"1675876076221","POST","14","201"
"1675876076235","POST","14","201"
"1675876076249","POST","15","201"
"1675876076264","POST","14","201"
"1675876076278","POST","15","201"
"1675876076293","POST","15","201"
"1675876076308","POST","15","201"
"1675876076323","POST","14","201"
"1675876076337","POST","15","201"
"1675876076352","POST","15","201"
"1675876076367","POST","14","201"
"1675876076381","POST","16","201"
"1675876076397","POST","15","201"
"1675876076412","POST","15","201"
"1675876076427","POST","15","201"
"1675876076442","POST","14","201"
"1675876076456","POST","14","201"
"1675876076470","POST","14","201"
"1675876076484","POST","14","201"
"1675876076498","POST","14","201"
"1675876076512","POST","15","201"
"1675876076527","POST","13","201"
"1675876076540","POST","14","201"
"1675876076554","POST","15","201"
"1675876076569","POST","14","201"
"1675876076583","POST","14","201"
"1675876076597","POST","13","201"
"1675876076610","POST","14","201"
"1675876076624","POST","14","201"
"1675876076638","POST","15","201"
"1675876076653","POST","14","201"
"1675876076667","POST","14","201"
"1675876076681","POST","14","201"
"1675876076695","POST","14","201"
"1675876076709","POST","15","201"
"1675876076724","POST","14","201"
"1675876076738","POST","15","201"
"1675876076753","POST","14","201"
"1675876076767","POST","14","201"
"1675876076781","POST","14","201"
"1675876076795","POST","14","201"
"1675876076809","POST","13","201"
"1675876076822","POST","14","201"
"1675876076836","POST","14","201"
"1675876076850","POST","14","201"
"1675876076864","POST","13","201"
"1675876076877","POST","14","201"
"1675876076891","POST","14","201"
"1675876076905","POST","13","201"
"1675876076918","POST","17","201"
"1675876076935","POST","16","201"
"1675876076951","POST","14","201"
"1675876076965","POST","14","201"
"1675876076979","POST","15","201"
"1675876076994","POST","14","201"
"1675876077008","POST","14","201"
"1675876077022","POST","15","201"
"1675876077037","POST","15","201"
"1675876077052","POST","15","201"
"1675876077067","POST","16","201"
"1675876077083","POST","15","201"
"1675876077098","POST","14","201"
"1675876077112","POST","16","201"
"1675876077128","POST","13","201"
"1675876077141","POST","16","201"
"1675876077157","POST","14","201"
"1675876077171","POST","16","201"
"1675876077187","POST","13","201"
"1675876077200","POST","14","201"
"1675876077214","POST","18","201"
"1675876077232","POST","21","201"
"1675876077253","POST","20","201"
"1675876077273","POST","13","201"
"1675876077286","POST","14","201"
"1675876077300","POST","15","201"
"1675876077315","POST","14","201"
"1675876077329","POST","14","201"
"1675876077343","POST","14","201"
"1675876077357","POST","14","201"
"1675876077371","POST","14","201"
"1675876077385","POST","15","201"
"1675876077400","POST","14","201"
"1675876077414","POST","14","201"
"1675876077428","POST","16","201"
"1675876077444","POST","30","201"
"1675876077474","POST","16","201"
"1675876077490","POST","14","201"
"1675876077504","POST","15","201"
"1675876077519","POST","14","201"
"1675876077533","POST","14","201"
"1675876077547","POST","14","201"
"1675876077561","POST","15","201"
"1675876077576","POST","14","201"
"1675876077590","POST","14","201"
"1675876077604","POST","14","201"
"1675876077618","POST","15","201"
"1675876077633","POST","17","201"
"1675876077650","POST","15","201"
"1675876077665","POST","14","201"
"1675876077679","POST","16","201"
"1675876077695","POST","14","201"
"1675876077709","POST","14","201"
"1675876077723","POST","13","201"
"1675876077736","POST","13","201"
"1675876077749","POST","15","201"
"1675876077764","POST","15","201"
"1675876077779","POST","14","201"
"1675876077793","POST","13","201"
"1675876077806","POST","14","201"
"1675876077820","POST","14","201"
"1675876077834","POST","14","201"
"1675876077848","POST","14","201"
"1675876077862","POST","15","201"
"1675876077878","POST","13","201"
"1675876077891","POST","16","201"
"1675876077907","POST","14","201"
"1675876077921","POST","15","201"
"1675876077936","POST","14","201"
"1675876077950","POST","14","201"
"1675876077964","POST","15","201"
"1675876077979","POST","17","201"
"1675876077996","POST","14","201"
"1675876078010","POST","13","201"
"1675876078023","POST","14","201"
"1675876078037","POST","14","201"
"1675876078051","POST","14","201"
"1675876078065","POST","14","201"
"1675876078079","POST","15","201"
"1675876078094","POST","14","201"
"1675876078108","POST","16","201"
"1675876078124","POST","14","201"
"1675876078138","POST","15","201"
"1675876078153","POST","14","201"
"1675876078167","POST","15","201"
"1675876078182","POST","13","201"
"1675876078195","POST","14","201"
"1675876078209","POST","15","201"
"1675876078224","POST","14","201"
"1675876078238","POST","14","201"
"1675876078252","POST","14","201"
"1675876078266","POST","14","201"
"1675876078280","POST","15","201"
"1675876078295","POST","15","201"
"1675876078310","POST","15","201"
"1675876078325","POST","14","201"
"1675876078339","POST","15","201"
"1675876078354","POST","17","201"
"1675876078371","POST","15","201"
"1675876078386","POST","16","201"
"1675876078402","POST","15","201"
"1675876078417","POST","14","201"
"1675876078431","POST","15","201"
"1675876078446","POST","14","201"
"1675876078460","POST","14","201"
"1675876078474","POST","16","201"
"1675876078490","POST","15","201"
"1675876078505","POST","16","201"
"1675876078521","POST","20","201"
"1675876078541","POST","15","201"
"1675876078556","POST","21","201"
"1675876078577","POST","20","201"
"1675876078597","POST","15","201"
"1675876078612","POST","16","201"
"1675876078628","POST","14","201"
"1675876078642","POST","14","201"
"1675876078656","POST","14","201"
"1675876078670","POST","15","201"
"1675876078685","POST","13","201"
"1675876078698","POST","15","201"
"1675876078713","POST","14","201"
"1675876078727","POST","15","201"
"1675876078742","POST","15","201"
"1675876078757","POST","15","201"
"1675876078772","POST",